編號,名稱,地區,類型,地區/大樓,地址,緯度,經度,營業時間,評分,每人價位,GoogleMaps連結,核實日期
1,MERCY Vegan Factory,大阪,全素 Vegan｜烘焙坊・咖啡廳,谷町九丁目・中央區,大阪市中央区瓦屋町 2-4-15,34.670015,135.513484,早餐 8:00-10:30　午餐 10:30-17:00（LO16:00） / 晚餐 18:00-21:00（LO20:00）　週六公休,4.9,"約 ¥1,500／午・¥2,000／晚（每人）","https://www.google.com/maps/search/?api=1&query=34.670015,135.513484",2026-06-28
2,TW Vegan Night Market,大阪,全素 Vegan｜台灣料理・自助餐,天王寺・西成區,大阪市西成区山王 1-1-10 天王寺公園ヴィラ 105号,34.64824,135.507634,※請查 Instagram / Google Maps 確認最新時間,4.7,"約 ¥2,000–2,700／人（秤重自助）","https://www.google.com/maps/search/?api=1&query=34.64824,135.507634",2026-06-28
3,Unique (V) Pizzeria SUKHASANA,大阪,全素 Vegan｜義式料理,松屋町・中央區,大阪市中央区松屋町住吉 5-24 ハイツ澤 1F,34.679003,135.511812,11:30-14:30　17:30-22:00　週二公休,4.8,"約 ¥1,800–2,500／人","https://www.google.com/maps/search/?api=1&query=34.679003,135.511812",2026-07-14
4,Shojin Sushi Minamo 精進寿司みなも,大阪,全素+無麩質 Vegan & GF｜壽司,心齋橋・中央區,大阪市中央区西心斎橋 1-10-4 Ace Building B1F,34.67398,135.499325,週五至週二 17:30-21:00（LO）　週三・四公休,4.9,"約 ¥2,800–4,000／人（套餐 ¥2,780・建議預約）","https://www.google.com/maps/search/?api=1&query=34.67398,135.499325",2026-07-14
5,Folksaka,大阪,全素+無麩質 Vegan & GF｜烘焙坊,大阪市北部,（請查 Google Maps 確認地址）,34.695223,135.488093,請查 Google Maps 確認最新時間,5.0,"約 ¥1,500–2,500／人","https://www.google.com/maps/search/?api=1&query=34.695223,135.488093",2026-06-28
6,Rocca,大阪,全素 Vegan｜日本料理・有機・宏觀生物,東住吉（Higashisumiyoshi）,大阪市東住吉区田辺 3-26-5,34.623617,135.523797,請查 Facebook / Google Maps 確認（不定期）,4.7,"約 ¥1,300／人（午晚套餐）","https://www.google.com/maps/search/?api=1&query=34.623617,135.523797",2026-06-28
7,Brown Rice Sushi TEC 玄米のおすしテック,大阪,全素+無麩質 Vegan & GF｜壽司・外帶・外送,新大阪（Shin-Osaka）・淀川區,大阪市淀川区西中島 6-8-23 B Plus Building 102,34.728088,135.494912,請查官網 genmaisushi.jp 或 Uber Eats 確認,4.8,"約 ¥800–1,500／人（外帶・玄米丼 ¥780 起）","https://www.google.com/maps/search/?api=1&query=34.728088,135.494912",2026-06-28
8,OKO Takoyaki,大阪,全素+無麩質 Vegan & GF｜章魚燒・炸串,心齋橋（Shinsaibashi）・中央區,大阪市中央区東心斎橋 1-13-9 2F,34.672548,135.503439,每日 17:45-23:00,4.6,"約 ¥1,500–2,000／人","https://www.google.com/maps/search/?api=1&query=34.672548,135.503439",2026-07-14
9,Green Earth,大阪,全素 Vegan｜日本料理・義式・西洋料理,本町（Honmachi）・中央區,大阪市中央区北久宝寺町 4-2-2 久宝ビル 1F,34.67979,135.49928,週一至六 11:30-17:00（LO16:30）　週日・假日公休,4.5,"約 ¥1,000–1,300／人（午套餐 ¥1,100）","https://www.google.com/maps/search/?api=1&query=34.67979,135.49928",2026-06-28
10,Neu Cat Cafe（shelter cat & VEGAN café neu）,大阪,全素 Vegan｜貓咖啡廳・日式家常菜,谷町（Tanimachi）・中央區,大阪市中央区谷町 6-17-5,34.674764,135.513591,平日 13:00-21:00　週末 12:00-20:00　週三公休 / （週末供應餐點，平日僅供應飲品）,4.6,"入場 ¥1,800／時（會員 ¥1,500）＋餐飲另計","https://www.google.com/maps/search/?api=1&query=34.674764,135.513591",2026-06-28
11,Shinsekai Paprika Shokudo Vegan 新世界パプリカ食堂,大阪,全素+無麩質 Vegan & GF｜大阪B級美食,新世界（Shinsekai）・浪速區・通天閣旁,大阪市浪速区恵比寿東 3-4-5（じゃんじゃん横丁の奥）,34.6515,135.5065,12:00-14:30　17:30-21:00　週三公休（另有不定期休）,4.5,"約 ¥1,500–2,500／人","https://www.google.com/maps/search/?api=1&query=34.6515,135.5065",2026-06-28
12,The Fire Bar（The Fire Vegan Ramen Bar）,大阪,全素 Vegan｜拉麵吧・調酒,心齋橋（Shinsaibashi）・中央區,大阪市中央区西心斎橋 2-9-36 Casadomart Building 2F,34.6698,135.4985,11:30-15:00　20:00-02:00（翌日）　週一公休,4.6,"約 ¥1,000–1,500／人","https://www.google.com/maps/search/?api=1&query=34.6698,135.4985",2026-07-14
13,Pivot BASE Cafe & Bar @Dotonbori,大阪,全素 Vegan｜大阪B級美食・咖啡・酒吧,道頓堀（Dotonbori）・中央區,大阪市中央区道頓堀 1-7-21（喰い倒れビル 1F）,34.6692,135.5024,每日 11:30-22:30,4.4,"約 ¥1,500–2,500／人","https://www.google.com/maps/search/?api=1&query=34.6692,135.5024",2026-06-28
14,Koisus Vegan Curry & Tempura（梅田店）,大阪,全素 Vegan｜咖哩・天婦羅,中崎町（Nakazakicho）・北區,大阪市北区中崎西（近中崎町站，詳見 Tabelog）,34.7040,135.5080,請查 Tabelog 或 Google Maps 確認（週三公休）,4.5,"約 ¥1,300–1,800／人","https://www.google.com/maps/search/?api=1&query=34.7040,135.5080",2026-06-28
15,Vegan & GF Osaka — The Second Room Cafe,大阪,全素+無麩質 Vegan & GF｜咖啡廳,梅田（Umeda）・北區（大阪駅前第4ビル地下）,大阪市北区梅田 1-11-4 大阪駅前第4ビル B1F-14号,34.6996,135.4963,11:00-22:00（LO21:30）　週三公休　1/1-1/3 公休,4.7,"約 ¥1,500–2,500／人","https://www.google.com/maps/search/?api=1&query=34.6996,135.4963",2026-06-28
16,Taiwan Rakuzen 台湾ベジキッチン楽膳,大阪,全素 Vegan｜台灣料理・便當・外送,東三国（Higashimikuni）・淀川區,近 Higashimikuni Station（步行1分鐘）,34.7400,135.4980,週三至日 11:30-15:00　17:00-21:00（晚餐需預約）　週一・二公休,4.8,"約 ¥1,000–2,000／人（便當 ¥864 起）","https://www.google.com/maps/search/?api=1&query=34.7400,135.4980",2026-06-28
17,HI-RI-N 飛輪,大阪,素食 Vegetarian（含蛋奶）,大阪市,請查 HappyCow / Google Maps 確認,34.6750,135.5050,請查 Google Maps 確認,4.7,"約 ¥1,600–2,000／人（建議預約）","https://www.google.com/maps/search/?api=1&query=34.6750,135.5050",2026-06-28
18,Ramen Kiou ラーメン貴王（JR 新大阪站）,大阪,部分素食 Veg-options｜拉麵,新大阪站（Shin-Osaka）・淀川區,JR 新大阪站內（月台附近）,34.7332,135.5000,依車站營業時間,4.2,"約 ¥1,000–1,500／人","https://www.google.com/maps/search/?api=1&query=34.7332,135.5000",2026-06-28
19,Sawa,大阪,部分素食 Veg-options,大阪市,請查 HappyCow / Google Maps 確認,34.6730,135.5100,請查 Google Maps 確認,4.3,"約 ¥1,000–2,000／人","https://www.google.com/maps/search/?api=1&query=34.6730,135.5100",2026-06-28
20,Asakara Good Store,大阪,部分素食 Veg-options,大阪市,請查 HappyCow / Google Maps 確認,34.6760,135.5080,請查 Google Maps 確認,4.3,"約 ¥1,000–2,000／人","https://www.google.com/maps/search/?api=1&query=34.6760,135.5080",2026-06-28
21,W Holistic Cafe,大阪,部分素食 Veg-options｜健康餐廳,大阪市,請查 HappyCow / Google Maps 確認,34.6770,135.5030,請查 Google Maps 確認,4.4,"約 ¥2,000–3,000／人","https://www.google.com/maps/search/?api=1&query=34.6770,135.5030",2026-06-28
22,Sasanohapan,大阪,素食烘焙坊 Vegetarian Bakery,大阪市,請查 HappyCow / Google Maps 確認,34.6780,135.5140,請查 Google Maps 確認,4.3,"約 ¥500–1,500／人（依採購）","https://www.google.com/maps/search/?api=1&query=34.6780,135.5140",2026-06-28
23,Kirschblute キルシュブルーテ,大阪,素食烘焙坊 Vegetarian Bakery,大阪市,請查 HappyCow / Google Maps 確認,34.6800,135.5060,請查 Google Maps 確認,4.2,"約 ¥800–1,500／人（依採購）","https://www.google.com/maps/search/?api=1&query=34.6800,135.5060",2026-06-28
24,Ododo Falafel Sandwich おどどファラフェル,大阪,部分素食 Veg-options｜中東料理,大阪市,請查 HappyCow / Google Maps 確認,34.6790,135.5020,請查 Google Maps 確認,4.3,"約 ¥870–1,300／人","https://www.google.com/maps/search/?api=1&query=34.6790,135.5020",2026-06-28
25,Life Shimodera ライフ下寺店,大阪,健康食品店 Health Store,難波（Namba）附近・浪速區,請查 HappyCow / Google Maps 確認,34.6560,135.5100,請查 Google Maps 確認,4.0,超市・依採購,"https://www.google.com/maps/search/?api=1&query=34.6560,135.5100",2026-06-28
26,Halal Ramen Naniwaya 浪速屋,大阪,拉麵｜清真 Halal（含蔬食拉麵）,西心齋橋・中央區（獨立店面・御堂筋ドンキ後方）,大阪市中央区西心斎橋 2-7-22,34.66966,135.49817,平日 12:00-15:00 / 18:00-22:00（LO21:30） / 週六日假日 12:00-22:00（LO21:30）,"4.6 ★（約 5,963 則）","約 ¥900–1,500／人","https://www.google.com/maps/search/?api=1&query=34.66966,135.49817",2026-06-29
27,CHIBO Diversity 道頓堀（素食友善店）,大阪,大阪燒｜素食/純素・無五辛・無麩質・清真,千房道頓堀ビル 7F・道頓堀,大阪市中央区道頓堀 1-5-5 千房道頓堀ビル 7F,34.66886,135.50391,週日-三・五六 12:00-15:00 / 17:00-22:00 / 週四 17:00-24:00（LO 打烊前 1 小時）,4.0 ★（約 156 則）,"約 ¥1,500–3,000／人","https://www.google.com/maps/search/?api=1&query=34.66886,135.50391",2026-06-29
28,Hana-Goyomi 花暦（飯店內 10F）,大阪,日本料理｜懷石・壽司・天婦羅（有素食菜單）,Swissôtel 南海大阪 10F・難波,大阪市中央区難波 5-1-60 スイスホテル南海大阪 10F,34.66237,135.50183,午餐 11:30-15:00（週末假日 11:00-） / 晚餐 17:30-21:00（週五六及假日前 -21:30）,3.9 ★｜食べログ 3.32,"午 ¥5,000–7,000／晚 ¥11,000 起／人（需預約）","https://www.google.com/maps/search/?api=1&query=34.66237,135.50183",2026-06-29
29,Paprika Shokudo Vegan 本店（新町）,大阪,全素 Vegan｜日式蔬食・可外帶,アリビオ新町 1F・西區新町（四ツ橋）,大阪市西区新町 1-9-9 アリビオ新町 1F,34.67728,135.49645,11:30-15:00（餐 LO14:00）/ 17:30-21:00（餐 LO20:00） / 週三公休＋不定休,"4.6 ★（約 1,201 則）","午 ¥1,650–1,950／晚約 ¥3,000／人","https://www.google.com/maps/search/?api=1&query=34.67728,135.49645",2026-06-29
30,AEON Food Style 東心斎橋店,大阪,超市｜24 小時・免稅,東心齋橋・中央區（獨立超市・原 foodium）,大阪市中央区東心斎橋 1-5-9,34.67216,135.50592,24 小時營業・全年無休,查無（參考 Yahoo 3.79・193 則）,超市・依採購,"https://www.google.com/maps/search/?api=1&query=34.67216,135.50592",2026-07-14
31,Ikari Super 南海なんば店,大阪,超市｜高級進口超市,なんばスカイオ 3F・難波（南海難波站直結）,大阪市中央区難波 5-1-60 なんばスカイオ 3F,34.66385,135.50086,平日 10:00-22:00｜週日假日 10:00-21:00,查無（參考 Yahoo 3.98・202 則）,超市・依採購,"https://www.google.com/maps/search/?api=1&query=34.66385,135.50086",2026-06-29
32,Takashimaya 高島屋大阪店（難波ダイニングメゾン）,大阪,百貨美食街｜デパ地下＋餐廳樓層,高島屋大阪店・難波（南海/御堂筋難波站直結）,大阪市中央区難波 5-1-5,34.66466,135.50089,本館 10:00-20:00｜餐廳 7-9F 11:00-23:00｜1/1・1/2 公休,查無（參考 Yahoo 4.36・738 則）,"餐廳樓層 約 ¥1,500–3,000／B1 外帶 ¥500–1,500","https://www.google.com/maps/search/?api=1&query=34.66466,135.50089",2026-07-12
33,Life セントラルスクエアなんば店,大阪,超市｜JR難波/OCAT 旁,セントラルスクエアなんば・浪速區,大阪市浪速区湊町 1-2-3,34.66661,135.49609,每日 9:00-24:00（麵包坊 08:00 起）,查無（參考 Yahoo 3.94・795 則）,超市・依採購,"https://www.google.com/maps/search/?api=1&query=34.66661,135.49609",2026-06-29
34,Daimaru 大丸心斎橋店（本館）,大阪,百貨｜デパ地下美食・餐廳樓層,大丸心斎橋店 本館・心齋橋（御堂筋線直結）,大阪市中央区心斎橋筋 1-7-1,34.67392,135.50096,本館 10:00-20:00｜B2 心斎橋フードホール 11:00-22:00｜10F 餐廳 11:00-22:00,約 4.0,"10F 餐廳 約 ¥2,000–4,000／B1-B2 甜點/外帶 ¥300–2,000","https://www.google.com/maps/search/?api=1&query=34.67392,135.50096",2026-07-14
35,Teppanyaki Minami 鉄板焼みなみ（飯店內 10F）,大阪,鐵板燒（有素食菜單）,Swissôtel 南海大阪 10F・難波,大阪市中央区難波 5-1-60 スイスホテル南海大阪 10F,34.66237,135.50183,午餐 11:30-15:00（週末假日 11:00-） / 晚餐 17:30-21:00（週五六及假日前 -21:30）,食べログ 3.31（TripAdvisor 3.9）,"午約 ¥9,000／晚約 ¥15,000／人（需預約）","https://www.google.com/maps/search/?api=1&query=34.66237,135.50183",2026-06-29
36,SH'UN Wine & Dine（飯店內 6F）,大阪,餐酒館｜串炸・日式小盤（有素食套餐）,Swissôtel 南海大阪 6F・難波,大阪市中央区難波 5-1-60 スイスホテル南海大阪 6F,34.66237,135.50183,午餐（三-日）11:30-15:00 / 晚餐（三四日）17:30-21:00、（五六）-22:30｜週一二公休,查無（飯店餐廳）,"午 ¥5,500 起／晚 ¥8,500–12,500／人","https://www.google.com/maps/search/?api=1&query=34.66237,135.50183",2026-06-29
37,Table36（飯店內 36F 天空餐廳）,大阪,自助餐｜36F 天空・歐陸料理（有素食選項）,Swissôtel 南海大阪 36F・難波,大阪市中央区難波 5-1-60 スイスホテル南海大阪 36F,34.66237,135.50183,早餐 6:30-10:30｜午餐 11:30-15:00 / 晚餐 18:00-23:30（週五六 -24:30）,4.2 ★（約 667 則）,"午自助 ¥5,900／週末早午餐 ¥6,900／人","https://www.google.com/maps/search/?api=1&query=34.66237,135.50183",2026-06-29
38,Naki Vegan Sweets,大阪,純素 Vegan｜咖啡・甜點・烘焙,難波・中央區（獨立小店・約 4 席）,大阪市中央区難波 1-5-5,34.66751,135.50222,13:00-21:00；週三公休,HappyCow 4.5（53 則）,"約 ¥800–1,500／人（甜點＋飲品）","https://www.google.com/maps/search/?api=1&query=34.66751,135.50222",2026-06-30
39,Vegan Cafe Tsukineko,大阪,純素 Vegan｜咖啡・輕食,難波・浪速區（エベンエゼルビル 1F・7 席）,大阪市浪速区難波中 1-14-12 エベンエゼルビル 1F,34.66301,135.49951,平日 11:00-19:00／週末 10:00-19:00（建議查 IG）,Tripadvisor 5.0（HappyCow 65 則）,"約 ¥1,000–2,000／人","https://www.google.com/maps/search/?api=1&query=34.66301,135.49951",2026-06-30
40,Vegan Ramen by Playpen Friends,大阪,純素 Vegan｜拉麵,北堀江・西區（大樓 2F・近四橋/心齋橋）,大阪市西区北堀江 1-14-20 2F,34.67326,135.49440,週一 12:00-20:00；週二三・週五~日 11:30-22:00；週四公休,HappyCow 4.5（90 則）,"約 ¥1,200–1,800／人","https://www.google.com/maps/search/?api=1&query=34.67326,135.49440",2026-06-30
41,Re-Public by Base Island Kitchen,大阪,蔬食友善｜日式 × 牙買加無麩質 Tapas,北堀江・西區（獨立小店・四橋站 2 分）,大阪市西区北堀江 1-16-27,34.67403,135.49525,週三四 11:00-18:00／週五 11:00-20:00／週六日 12:00-18:00；週一二公休,4.6 ★（約 68 則）,"約 ¥900–1,500／人","https://www.google.com/maps/search/?api=1&query=34.67403,135.49525",2026-06-30
42,Shama Vegetarian Indian（北堀江）,大阪,蔬食友善｜印度素食,北堀江・西區（倉商ビル B1F・四橋站 6 號出口）,大阪市西区北堀江 1-3-7 倉商ビル B1F,34.67273,135.49644,週二-日 11:00-15:00 / 17:00-22:00；週一僅 11:00-15:00,Tabelog 3.20／TripAdvisor 4.5,"午 ¥650–970／晚套餐 ¥1,800 起","https://www.google.com/maps/search/?api=1&query=34.67273,135.49644",2026-06-30
43,Smile Kitchen（立売堀）,大阪,蔬食友善｜印度・尼泊爾料理,立売堀・西區（大樓 2F・本町站 22-23 出口）,大阪市西区立売堀 1-6-2 2F,34.68022,135.49670,週一-六 11:00-15:00 / 17:00-23:00；週日公休,Tabelog 3.09／TripAdvisor 4.1,"約 ¥1,000–2,000／人","https://www.google.com/maps/search/?api=1&query=34.68022,135.49670",2026-06-30
44,Hana no Ki 花の木（黑門市場）,大阪,蔬食友善｜大阪鐵板燒（大阪燒/炒麵）,日本橋・中央區（黑門市場內）,大阪市中央区日本橋 1-21-33,34.66624,135.50685,週一-六 10:30-18:00；週日及國定假日公休,3.9 ★（97 則）,"約 ¥1,000–2,000／人","https://www.google.com/maps/search/?api=1&query=34.66624,135.50685",2026-06-30
45,Cosme Kitchen Adaptation 阪神梅田,大阪,蔬食友善｜自然系咖啡餐廳,梅田・北區（阪神百貨梅田本店 3F）,大阪市北区梅田 1-13-13 阪神百貨店梅田本店 3F,34.70116,135.49861,每日 10:00-20:00（LO 19:30），公休依百貨,Tabelog 3.48／Yahoo 4.04,"約 ¥2,000–3,000／人","https://www.google.com/maps/search/?api=1&query=34.70116,135.49861",2026-06-30
46,natural kitchen めだか 2号店,大阪,蔬食友善｜玄米自然食・マクロビ,兎我野町・北區（雁木ビル 1F・東梅田/お初天神）,大阪市北区兎我野町 3-20 雁木ビル 1F,34.70103,135.50564,平日 11:00-20:30；週末假日 11:00-20:00（不定休）,LINE PLACE 4.2,"午約 ¥1,000–1,500／人","https://www.google.com/maps/search/?api=1&query=34.70103,135.50564",2026-06-30
47,Mealthy メルシー（福島）,大阪,蔬食友善｜健康定食・拼盤,福島・福島區（アイミーハウス 1F・福島站）,大阪市福島区福島 6-8-21 アイミーハウス 1F,34.69944,135.48813,平日 11:00-14:30 / 17:00-20:00；週末假日原則公休（每月 1-2 次特別營業，依 IG）,Tabelog 3.26（42 則）,"約 ¥1,000–2,000／人（定食約 ¥1,300）","https://www.google.com/maps/search/?api=1&query=34.69944,135.48813",2026-06-30
48,bee9 cafe & studio,大阪,純素 Vegan｜咖啡 & studio,松ケ枝町・北區（グロウビル 1F・南森町/天滿宮）,大阪市北区松ケ枝町 6-1 グロウビル 1F,34.69840,135.51547,週二-四 11:00-17:00；週五六 11:00-17:00 / 18:00-23:00（Bar）；週一日公休,Tabelog 3.12（26 則）,"約 ¥1,000–2,000／人（Buddha Bowl 約 ¥1,800）","https://www.google.com/maps/search/?api=1&query=34.69840,135.51547",2026-06-30
49,Canelita Sweets（南堀江）,大阪,純素 Vegan｜甜點（甜甜圈/蛋糕）,南堀江・西區（獨立店面・近美國村/四橋）,大阪市西区南堀江 1-14-22,34.67179,135.49440,11:00-19:00（售完為止）；週一公休,Tabelog 3.30／HappyCow 4.5,"人均 ¥800–1,500（甜點 ¥380–500）","https://www.google.com/maps/search/?api=1&query=34.67179,135.49440",2026-06-30
50,Sari Sari Store（by Cocowell）,大阪,純素 Vegan｜椰子冰淇淋・咖啡,幸町・浪速區（ココウェル本社 1F・近桜川站）,大阪市浪速区幸町 2-2-2 ココウェル本社 1F,34.66901,135.49175,9:00-19:00（LO 18:30）；週三公休,HappyCow 4.0（12 則）,約 ¥600–900／人,"https://www.google.com/maps/search/?api=1&query=34.66901,135.49175",2026-06-30
51,素食 江南（日本橋）,大阪,蔬食友善｜中華料理,日本橋・中央區（日本橋ビル38番街 2F）,大阪市中央区日本橋 1-3-7 日本橋ビル38番街 2F,34.66740,135.50585,11:30-15:00 / 17:30-22:30，年中無休,HappyCow 4.0（18 則）,"午 ¥1,000–1,500／晚 ¥2,000–3,000／人","https://www.google.com/maps/search/?api=1&query=34.66740,135.50585",2026-06-30
52,OKO – Fun Okonomiyaki Bar,大阪,純素 Vegan・無麩質｜大阪燒居酒屋,難波・西心齋橋・中央區（獨立店面）,大阪市中央区西心斎橋（近難波）,34.66878,135.49815,18:00-24:00（售完為止）；公休查 IG,HappyCow 4.0（334 則）,"約 ¥1,500–2,500／人","https://www.google.com/maps/search/?api=1&query=34.66878,135.49815",2026-07-14
53,Matsuri 松（three-peace）,大阪,蔬食友善｜純素大阪燒・鐵板,福島區・吉野（獨立店面）,大阪市福島区吉野 3-27-17,34.69280,135.47440,週一二・週五六日 11:00-14:00 / 17:00-21:00；週三四公休,HappyCow 3.5（44 則）,"約 ¥2,000–2,700／人","https://www.google.com/maps/search/?api=1&query=34.69280,135.47440",2026-07-03
54,Avocados Mexican Cafe,大阪,蔬食友善｜墨西哥料理,中央區・上町（マルソウアパレル 1F・谷町六丁目）,大阪市中央区上町 1-1-22,34.67810,135.52559,週一四日 10:30-17:00；週二三五六 10:30-21:00,HappyCow 4.0（6 則）,"約 ¥1,200–2,000／人","https://www.google.com/maps/search/?api=1&query=34.67810,135.52559",2026-07-03
55,Greens Vegetarian Dishes,大阪,蔬食｜日式自助餐 buffet,港區・築港（近大阪港站/海遊館・獨立店面）,大阪市港区築港 3-10-7,34.65644,135.43191,週一-五 12:00-14:00（僅午餐）；國定假日公休,HappyCow 4.5（26 則）,"¥850–1,100／人（吃到飽）","https://www.google.com/maps/search/?api=1&query=34.65644,135.43191",2026-07-03
56,Gyozaoh! 餃子王 道頓堀本店,大阪,蔬食友善｜餃子居酒屋,道頓堀・中央區（難波站步行 3 分）,大阪市中央区道頓堀 1-9-9,34.66860,135.50150,每日 17:00-23:00,Tabelog 登錄（查無 Google）,"約 ¥1,500–2,500／人","https://www.google.com/maps/search/?api=1&query=34.66860,135.50150",2026-07-03
57,Nanahako 七箱（純素甜點）,大阪,純素 Vegan・長壽飲食｜甜點,中央區・大手通（Musubi Garden 自然食品店內・谷町四丁目）,大阪市中央区大手通 2-2-7,34.68450,135.51700,週一-六 10:00-19:00；週日 10:00-18:00,專文推薦（查無 Google）,約 ¥400–800／件,"https://www.google.com/maps/search/?api=1&query=34.68450,135.51700",2026-07-03
58,Mauloa Acai and Cafe,大阪,蔬食友善｜巴西莓 açaí 咖啡,北區・大淀南（梅田 Sky Building 旁・獨立店面）,大阪市北区大淀南 1-3-19,34.70520,135.49050,週二-日 11:30-19:00（採預約制）；週一公休,HappyCow/Tabelog（查無 Google）,"約 ¥1,000–1,600／人","https://www.google.com/maps/search/?api=1&query=34.70520,135.49050",2026-07-03
59,VeganCafe sister,大阪,純素 Vegan｜甜點咖啡,中央區・博労町（浪速ビル 102・近本町/堺筋本町）,大阪市中央区博労町 1-5-15 浪速ビル 102,34.68050,135.50600,營業時間不定（每月更換甜點，請查 FB/IG）,專文推薦（查無 Google）,約 ¥500–900／件,"https://www.google.com/maps/search/?api=1&query=34.68050,135.50600",2026-07-03
60,Coconut Glen's 北浜,大阪,純素 Vegan｜夏威夷椰子冰淇淋,中央區・安土町（北浜/堺筋本町・獨立店面）,大阪市中央区安土町 1-4-5,34.68520,135.50400,請查官網/IG（建議先確認）,Vegewel 推薦（查無 Google）,約 ¥600–900／份,"https://www.google.com/maps/search/?api=1&query=34.68520,135.50400",2026-07-03
61,天龍寺 篩月 Shigetsu,京都,精進料理｜全素 Vegan,嵐山・右京區（天龍寺境內・世界遺產）,京都市右京区嵯峨天龍寺芒ノ馬場町 68,35.01560,135.67350,11:00-14:00（LO）；另付庭園入園料 ¥500,米其林 2026 Bib＋綠星,"約 ¥3,300–8,000／人（雪3300/月5500/花8000）","https://www.google.com/maps/search/?api=1&query=35.01560,135.67350",2026-07-14
62,泉仙 大慈院店 Izusen,京都,精進料理（鐵鉢料理）｜全素 Vegan,紫野・北區（大德寺 大慈院內）,京都市北区紫野大徳寺町 4 大慈院内,35.04380,135.74560,11:00-16:00（LO）,精進料理名店（Tabelog）,"約 ¥3,800–6,500／人","https://www.google.com/maps/search/?api=1&query=35.04380,135.74560",2026-07-14
63,精進料理 阿じろ 本店 Ajiro,京都,精進料理｜全素 Vegan,花園・右京區（妙心寺門前・獨立店面）,京都市右京区花園寺ノ中町 28,35.02350,135.72100,約 11:00-19:00（多為預約制）,昭和 37 年老店（Tabelog）,"約 ¥4,000–8,000／人","https://www.google.com/maps/search/?api=1&query=35.02350,135.72100",2026-07-14
64,松籟庵 Shoraian,京都,豆腐懷石｜蔬食友善,嵐山・右京區（渡月橋上游・獨立店面）,京都市右京区嵯峨亀ノ尾町官有地内,35.01000,135.67060,週一-四 11:00-17:00；週五-日假日 11:00-20:00；週三公休（紅葉季除外）,嵐山豆腐懷石（官網）,"約 ¥4,000–10,000／人","https://www.google.com/maps/search/?api=1&query=35.01000,135.67060",2026-07-14
65,Choice,京都,純素 Vegan・無麩質｜咖啡・鬆餅,三條・東山區（三条京阪・鈴木形成外科ビル 1F）,京都市東山区大橋町 89-1 鈴木形成外科ビル 1F,35.00920,135.77340,9:30-21:00（LO 20:00）；週三公休,HappyCow 高評（查無 Google）,"約 ¥1,500–2,500／人","https://www.google.com/maps/search/?api=1&query=35.00920,135.77340",2026-07-14
66,mumokuteki cafe Kyoto,京都,純素 Vegan｜咖啡・定食,寺町・中京區（四条河原町・ヒューマンフォーラムビル 2F）,京都市中京区伊勢屋町 351 ヒューマンフォーラムビル 2F,35.00560,135.76650,11:30-20:00（LO 19:00）；週三公休,人氣純素定食（查無 Google）,"約 ¥1,300–2,000／人","https://www.google.com/maps/search/?api=1&query=35.00560,135.76650",2026-07-14
67,Veg Out,京都,純素 Vegan｜咖啡・早午餐,七條・下京區（鴨川沿・鴨川ビル 1F）,京都市下京区七条通加茂川筋西入ル稲荷町 448 鴨川ビル 1F,34.99230,135.76870,早餐 9:00-10:30 LO／午餐 11:30-15:00／咖啡 -18:00（LO 17:00）,"IG 8,200 追蹤（查無 Google）","約 ¥1,200–2,000／人","https://www.google.com/maps/search/?api=1&query=34.99230,135.76870",2026-07-14
68,Ain Soph. Journey Kyoto,京都,純素 Vegan｜咖啡・漢堡・甜點,河原町・中京區（新京極・獨立店面）,京都市中京区新京極通四条上ル中之町 538-6,35.00420,135.76740,約 11:30-20:00（晚間常不定休，建議看 IG/電話確認）,AIN SOPH 集團（查無 Google）,"約 ¥1,500–2,500／人","https://www.google.com/maps/search/?api=1&query=35.00420,135.76740",2026-07-14
70,VOG Kyoto（Vegan Indian）,京都,純素 Vegan・無麩質｜印度料理,河原町・中京區（四条河原町徒步圈）,京都市中京区（四条河原町 downtown，建議 Google 定位）,35.00450,135.76800,週一-四 12:00-15:30 / 17:30-22:30；週六日 11:30-15:30 / 17:30-22:30；週一公休,Tripadvisor 2024-25（查無 Google）,"約 ¥1,500–2,500／人","https://www.google.com/maps/search/?api=1&query=35.00450,135.76800",2026-07-14
71,MERCY Vegan Factory 京都駅店,京都,純素 Vegan｜餐酒館・定食,京都車站・下京區（ホテルエリートイン京都駅 B1F）,京都市下京区東堀川通下魚棚下る鎌屋町 3 B1F,34.98720,135.75350,週一・三-日 8:30-17:00 / 18:00-22:00；週二公休,2024 開幕・IG 活躍,"約 ¥1,200–2,500／人","https://www.google.com/maps/search/?api=1&query=34.98720,135.75350",2026-07-14
72,Premarché Gelateria 三条本店,京都,義式冰淇淋｜含純素選項,三条・中京區（二条城近・獨立店面）,京都市中京区三条通猪熊西入 御供町 308,35.01130,135.74560,週一二四 12:00-18:00；週五六日 12:00-20:00；週三公休,Yelp 2026/5（查無 Google）,約 ¥500–900／人,"https://www.google.com/maps/search/?api=1&query=35.01130,135.74560",2026-07-14
73,Vegan Ramen UZU Kyoto,京都,純素 Vegan｜拉麵（teamLab 藝術空間）,御所南・中京區（獨立店面）,京都市中京区梅之木町 146,35.01660,135.76090,需事前預約入場（時段見官網）,米其林 2024 收錄,"約 ¥1,800–3,000／人","https://www.google.com/maps/search/?api=1&query=35.01660,135.76090",2026-07-14
74,Kyoto Engine Ramen 京都炎神,京都,純素 Vegan・無麩質｜拉麵,河原町・中京區（新京極・獨立店面）,京都市中京区新京極（河原町商圈）,35.00500,135.76730,12:00-22:00（LO 前 30 分）；週二三公休,Tripadvisor 2024（查無 Google）,"約 ¥1,800–2,200／人","https://www.google.com/maps/search/?api=1&query=35.00500,135.76730",2026-07-14
75,らーめん千の風 Sen no Kaze,京都,蔬食友善｜拉麵（含 Vegan/清真）,河原町・中京區（新京極・獨立店面）,京都市中京区新京極通四条上ル中之町 580,35.00430,135.76750,11:30-21:00；週二三公休（現金限定）,Yelp 147 則（查無 Google）,"約 ¥1,000–1,800／人","https://www.google.com/maps/search/?api=1&query=35.00430,135.76750",2026-07-14
76,Vegan Ramen Towzen とうぜん,京都,純素 Vegan｜豆乳拉麵・壽司,下鴨・左京區（獨立店面）,京都市左京区下鴨東高木町 13-4,35.04370,135.77260,11:30-15:00 / 18:00-22:00；週四公休,2004 老店（查無 Google）,"約 ¥1,200–2,000／人","https://www.google.com/maps/search/?api=1&query=35.04370,135.77260",2026-07-14
77,Falafel Garden,京都,蔬食友善｜中東・以色列料理,出町柳・左京區（獨立店面）,京都市左京区田中上柳町 15-2,35.02940,135.77120,平日 11:30-15:00 / 17:30-21:00（LO 20:30）；週末 11:30-21:00；週三公休,Tabelog／Inside Kyoto,"約 ¥1,000–1,800／人","https://www.google.com/maps/search/?api=1&query=35.02940,135.77120",2026-07-14
78,都野菜 賀茂 烏丸店 Yasai Kamo,京都,蔬食友善｜京野菜自助餐 Buffet,京都車站・下京區（大宮通・MINISTOP 建物 2F）,京都市下京区大宮通り木津屋橋上る上之町 439-1,34.98800,135.74980,8:00-16:00 / 17:00-22:00（料理 LO 前 30 分）；元旦・1 月第二週二公休,"午 ¥1,180起（Tabelog）","午 ¥1,180／晚 ¥1,560 起（buffet）","https://www.google.com/maps/search/?api=1&query=34.98800,135.74980",2026-07-14
79,LUU's BAO 純素刈包,奈良,純素 Vegan｜台式刈包專門店,奈良町（ならまち）・中新屋町（獨立店面）,奈良市中新屋町 17-2,34.67802,135.83043,週三-日 11:00-16:30；週一二公休,HappyCow 4.5（149 則）,"約 ¥1,300–2,000／人","https://www.google.com/maps/search/?api=1&query=34.67802,135.83043",2026-07-14
80,onwa オンワ,奈良,純素 Vegan・無麩質｜咖啡・餐廳,三条大宮町・JR 奈良站周邊（獨立町家）,奈良市三条大宮町 3-23,34.67856,135.81614,週一-五・日 11:00-17:00；週六 11:00-20:00（不定休）,Tripadvisor 4.9（41）／Tabelog 3.30,"約 ¥1,000–1,999／人","https://www.google.com/maps/search/?api=1&query=34.67856,135.81614",2026-07-14
81,Naramachi Vegan Nabi 菜美,奈良,純素 Vegan・無麩質｜日式蔬食（需預約）,奈良町（ならまち）・東城戸町,奈良市東城戸町 14-1,34.67856,135.82781,週一・週五-日 12:00-17:00（電話/表單預約）；週二三四公休；售完為止,HappyCow 5.0（66 則）,無麩質午餐（現場確認）,"https://www.google.com/maps/search/?api=1&query=34.67856,135.82781",2026-07-14
82,Kururu 樞（くるる）,奈良,純素 Vegan｜自然派食療咖啡（需預約）,東向南町・近鐵奈良站（井上ビル 2F）,奈良市東向南町 5-1 井上ビル 2F,34.68247,135.82899,需事前預約；現金限定（官網 10:00-18:00；不定休）,Tabelog 3.04（HappyCow 高評）,偏高價位（需預約）,"https://www.google.com/maps/search/?api=1&query=34.68247,135.82899",2026-07-14
83,Somi sweets & coffee 素味,奈良,純素 Vegan・無麩質｜甜點・咖啡（外帶）,法蓮町・北町（獨立町家）,奈良市法蓮町 1232,34.69212,135.82796,11:00-18:00（外帶為主，不定休；建議查 IG）,Tabelog 3.02,甜點單品 ¥400–800,"https://www.google.com/maps/search/?api=1&query=34.69212,135.82796",2026-07-14
84,Vegan Soba Ramusa 楽夢咲,奈良,純素 Vegan｜手打蕎麥（週末限定）,奈良町（ならまち）・中院町,奈良市中院町 27-1,34.67884,135.83128,週六日 12:00-16:00；平日公休,5.0 ★（27 則）,"そば定食 ¥1,650","https://www.google.com/maps/search/?api=1&query=34.67884,135.83128",2026-07-14
85,鹿鳴園 Rokumeien,奈良,蔬食友善｜奈良公園茶屋（素選項有限）,雑司町・奈良公園（東大寺大佛殿往二月堂路上）,奈良市雑司町 407-4,34.68835,135.84265,09:00-17:00（不定休）,3.9 ★（278 則）,約 ¥600–999／人,"https://www.google.com/maps/search/?api=1&query=34.68835,135.84265",2026-07-14
86,China Dining 飛天 Hiten,奈良,蔬食友善｜中華料理（有純素套餐）,東向南町・東向商店街（近鐵奈良站 3 分）,奈良市東向南町 26,34.68271,135.82869,11:00-15:30 / 17:30-21:30；年中無休,4.2 ★（495 則）,"午 ¥1,000–1,999／純素套餐 ¥3,300","https://www.google.com/maps/search/?api=1&query=34.68271,135.82869",2026-07-14
87,Ashura アシュラ,奈良,蔬食友善｜印度・亞洲蔬食,北方町（近奈良町/京終）,奈良市北方町 18-3,34.67429,135.83173,週五-二 12:00-20:00；週三四公休,4.1 ★（73 則）,"約 ¥1,000–2,000／人","https://www.google.com/maps/search/?api=1&query=34.67429,135.83173",2026-07-14
88,Koyomi カフェこよみ,奈良,純素 Vegan・無麩質｜自家菜午餐・甜點,船橋町・近鐵奈良站（約 644m）,奈良市船橋町 22-2,34.68797,135.82197,週三-五 11:30-15:00（LO 14:00）；週一二六日公休（營業日不定，建議先確認）,4.3 ★（21 則）,"午餐套餐約 ¥1,200／人","https://www.google.com/maps/search/?api=1&query=34.68797,135.82197",2026-07-14
89,Vegan Friendly Ramen by Playpen Friends（奈良）,奈良,純素 Vegan｜拉麵,登大路町・奈良公園對面（大樓 2F）,奈良市登大路町 59-12 2F,34.68434,135.83708,週一・週三-日 11:00-17:00；週二公休,4.5 ★（277 則）,"約 ¥1,000–2,000／人（拉麵約 ¥2,000）","https://www.google.com/maps/search/?api=1&query=34.68434,135.83708",2026-07-14
90,高島屋 8F｜印度 BINDU ビンドゥ,大阪,印度料理（8F）,高島屋大阪店 8F・難波（南海ビル）,大阪市中央区難波 5-1-5 高島屋大阪店 8F,34.66506,135.50089,平日 11:00-15:30 / 17:00-22:30；六日祝 11:00-22:30,Tabelog 3.41（131 則）,"午 ¥1,000–1,999／晚 ¥2,000–2,999","https://www.google.com/maps/search/?api=1&query=34.66506,135.50089",2026-07-12
91,高島屋 8F｜ON THE SQUARE,大阪,一汁六菜定食・健康蔬食（8F）,高島屋大阪店 8F・難波,大阪市中央区難波 5-1-5 高島屋大阪店 8F,34.66494,135.50117,平日 11:00-15:30 / 17:00-22:00；六日祝 11:00-22:00,Tabelog 3.39（168 則）,"約 ¥2,000–2,999／人","https://www.google.com/maps/search/?api=1&query=34.66494,135.50117",2026-07-12
92,高島屋 7F｜一凛堂,大阪,義大利麵・喫茶・甜點（7F）,高島屋大阪店 7F・難波,大阪市中央区難波 5-1-5 高島屋大阪店 7F,34.66466,135.50129,11:00-22:00（LO21:00）,Tabelog 3.36（124 則）,"約 ¥1,000–1,999／人","https://www.google.com/maps/search/?api=1&query=34.66466,135.50129",2026-07-12
93,高島屋 B1｜豆狸 稻荷壽司,大阪,稻荷壽司・外帶（B1）,高島屋大阪店 B1・難波,大阪市中央区難波 5-1-5 高島屋大阪店 B1,34.66438,135.50117,10:00-20:00,Tabelog 3.06（51 則）,約 ¥999 以下,"https://www.google.com/maps/search/?api=1&query=34.66438,135.50117",2026-07-12
94,高島屋 B1｜越後屋甚兵衛 飯糰,大阪,飯糰・外帶（B1）,高島屋大阪店 B1・難波,大阪市中央区難波 5-1-5 高島屋大阪店 B1,34.66426,135.50089,約 10:00-20:00（依百貨）,Tabelog 3.04（10 則）,約 ¥999 以下,"https://www.google.com/maps/search/?api=1&query=34.66426,135.50089",2026-07-12
95,高島屋 B1｜泉北堂 石窯麵包,大阪,麵包・外帶（B1）,高島屋大阪店 B1・難波,大阪市中央区難波 5-1-5 高島屋大阪店 B1,34.66438,135.50061,10:00-20:00,Tabelog 3.27（36 則）,單品約數百円,"https://www.google.com/maps/search/?api=1&query=34.66438,135.50061",2026-07-12
96,高島屋 7F｜鼎泰豐,大阪,中華・點心（7F，部分素選項）,高島屋大阪店 7F・難波,大阪市中央区難波 5-1-5 高島屋大阪店 7F,34.66466,135.50049,11:00-22:00（週五六祝 -22:30）,Tabelog 3.31（499 則）,"午 ¥2,000–2,999／晚 ¥3,000–3,999","https://www.google.com/maps/search/?api=1&query=34.66466,135.50049",2026-07-12
97,高島屋 7F｜糖朝 港式甜點,大阪,港式甜點・飲茶（7F）,高島屋大阪店 7F・難波,大阪市中央区難波 5-1-5 高島屋大阪店 7F,34.66494,135.50061,11:00-22:00,Tabelog 3.17（149 則）,"約 ¥1,000–2,999／人","https://www.google.com/maps/search/?api=1&query=34.66494,135.50061",2026-07-12
98,大丸 10F｜タントタント 義式,大阪,義大利料理（10F）,大丸心斎橋店 10F・心齋橋,大阪市中央区心斎橋筋 1-7-1 大丸心斎橋店 10F,34.67432,135.50096,11:00-15:30 / 17:00-22:00（依百貨）,Tabelog 3.31（142 則）,"午 ¥2,000–2,999／晚 ¥3,000–3,999","https://www.google.com/maps/search/?api=1&query=34.67432,135.50096",2026-07-14
99,大丸 10F｜天婦羅圓堂,大阪,天婦羅・京割烹（10F，高價）,大丸心斎橋店 10F・心齋橋,大阪市中央区心斎橋筋 1-7-1 大丸心斎橋店 10F,34.67420,135.50124,11:00-22:00（LO21:00）,Tabelog 3.39（131 則）,"午 ¥6,000 起／晚 ¥10,000–15,000（高價）","https://www.google.com/maps/search/?api=1&query=34.67420,135.50124",2026-07-14
100,大丸 10F｜お茶屋バー 近江榮,大阪,京都茶屋風咖啡・甘味（10F）,大丸心斎橋店 10F・心齋橋,大阪市中央区心斎橋筋 1-7-1 大丸心斎橋店 10F,34.67392,135.50136,11:00-22:00,Tabelog 3.26（35 則）,"約 ¥1,000–2,999／人","https://www.google.com/maps/search/?api=1&query=34.67392,135.50136",2026-07-14
101,大丸 B2｜Café de Paris,大阪,韓系水果甜點咖啡（B2 フードホール）,大丸心斎橋店 B2 心斎橋フードホール・心齋橋,大阪市中央区心斎橋筋 1-7-1 大丸心斎橋店 B2,34.67364,135.50124,約 11:00-20:00（B2 フードホール整體最晚 23:00）,Tabelog 3.24（44 則）,"約 ¥1,000–1,999／人","https://www.google.com/maps/search/?api=1&query=34.67364,135.50124",2026-07-14
102,大丸 B2｜Fruits Belle 水果甜點,大阪,現做水果甜點（B2，2026 新開）,大丸心斎橋店 B2 心斎橋フードホール・心齋橋,大阪市中央区心斎橋筋 1-7-1 大丸心斎橋店 B2,34.67352,135.50096,11:00-22:00（芭菲/可麗餅 LO21:00）,查無（2026-02 新開，尚無評分）,"約 ¥1,000–2,500／人","https://www.google.com/maps/search/?api=1&query=34.67352,135.50096",2026-07-14
103,大丸 B2｜PAINDUCE Park 麵包,大阪,大阪名店麵包坊（B2，可外帶/現吃）,大丸心斎橋店 B2 心斎橋フードホール・心齋橋,大阪市中央区心斎橋筋 1-7-1 大丸心斎橋店 B2,34.67364,135.50068,約 10:00-20:00（イートイン較長）,Tabelog 3.28（66 則）,"約 ¥500–1,000／人","https://www.google.com/maps/search/?api=1&query=34.67364,135.50068",2026-07-14
104,大丸 B1｜りくろーおじさん 起司蛋糕,大阪,大阪名物・現烤起司蛋糕（B1，外帶）,大丸心斎橋店 B1・心齋橋,大阪市中央区心斎橋筋 1-7-1 大丸心斎橋店 B1,34.67392,135.50056,10:00-20:00,Tabelog 3.20（179 則）,"整模約 ¥965（每人 ¥300–1,000）","https://www.google.com/maps/search/?api=1&query=34.67392,135.50056",2026-07-14
105,大丸 B1｜RF1 蔬菜沙拉惣菜,大阪,沙拉・熟食惣菜（B1，外帶）,大丸心斎橋店 B1・心齋橋,大阪市中央区心斎橋筋 1-7-1 大丸心斎橋店 B1,34.67420,135.50068,10:00-20:00,查無（分店無獨立評分）,"每份約 ¥500–1,500","https://www.google.com/maps/search/?api=1&query=34.67420,135.50068",2026-07-14
106,阪急 13F｜おやさいガーデン TIERRA,大阪,野菜創作料理・蔬食定食（阪急 13F）,阪急うめだ本店 13F・梅田,大阪市北区角田町 8-7 阪急うめだ本店 13F,34.70280,135.49849,11:00-22:00（LO21:00）；1/1-1/2 公休,Tabelog 3.47（499 則）,"午 ¥1,000–1,999／晚 ¥3,000–3,999","https://www.google.com/maps/search/?api=1&query=34.70280,135.49849",2026-07-12
107,大丸梅田 B1｜V PALETTE 蔬食熟食,大阪,蔬菜系熟食・便當外帶（大丸梅田 B1）,大丸梅田店 B1・梅田,大阪市北区梅田 3-1-1 大丸梅田店 B1,34.70193,135.49663,10:00-20:00（依百貨，不定休）,Tabelog 3.00（僅 1 則・參考）,"惣菜約 ¥500–1,200／品","https://www.google.com/maps/search/?api=1&query=34.70193,135.49663",2026-07-12
108,LUCUA 10F｜ラヴァーニャ 義式,大阪,義式・Pizza/Pasta（LUCUA 10F）,LUCUA 大阪 10F・梅田（大阪站直結）,大阪市北区梅田 3-1-3 LUCUA 大阪 10F,34.70327,135.49626,午 11:00-15:30／晚 17:00-23:00（LO22:00）,Tabelog 3.38（235 則）,"午 ¥1,000–1,999／晚 ¥2,000–2,999","https://www.google.com/maps/search/?api=1&query=34.70327,135.49626",2026-07-12
109,LUCUA SOUTH 14F｜燦 Grill&Bar,大阪,燒烤＆野菜・義式グリル（LUCUA SOUTH 14F）,LUCUA SOUTH 14F・梅田,大阪市北区梅田 3-1-3 ルクアサウス 14F,34.70290,135.49650,11:00-16:00（LO15:00）／17:00-23:00（LO22:00）,Tabelog 3.45（411 則）,"午 ¥1,000–1,999／晚 ¥4,000–4,999","https://www.google.com/maps/search/?api=1&query=34.70290,135.49650",2026-07-12
110,阪神 9F｜一六茶寮 一汁六菜,大阪,和食・一汁六菜定食（阪神 9F）,阪神梅田本店 9F・梅田,大阪市北区梅田 1-13-13 阪神梅田本店 9F,34.70116,135.49861,11:00-22:00（LO21:00，不定休）,Tabelog 3.44（197 則）,"約 ¥2,000–2,999／人","https://www.google.com/maps/search/?api=1&query=34.70116,135.49861",2026-07-12
111,阪神 9F｜タブロ ラチェルバ 義麵,大阪,義式パスタ・甜點（阪神 9F フードホール）,阪神梅田本店 9F フードホール・梅田,大阪市北区梅田 1-13-13 阪神梅田本店 9F,34.70116,135.49861,11:00-22:00（LO 約 21:00）,Tabelog 3.36（81 則）,"約 ¥1,000–1,999／人","https://www.google.com/maps/search/?api=1&query=34.70116,135.49861",2026-07-12
112,Grand Front B1｜ERICK SOUTH 南印度,大阪,南印度料理・ミールス thali（Grand Front 南館 B1）,Grand Front 大阪 南館 B1・梅田,大阪市北区大深町 3-1 グランフロント大阪 南館 B1,34.70430,135.49555,11:00-22:00（LO21:00，全年無休）,Tabelog 3.32（272 則）,"約 ¥1,000–1,999／人","https://www.google.com/maps/search/?api=1&query=34.70430,135.49555",2026-07-12
113,Grand Front 7F｜BINDU 印度,大阪,印度料理・咖哩/烤餅（Grand Front 南館 7F）,Grand Front 大阪 南館 7F・梅田,大阪市北区大深町 3-1 グランフロント大阪 南館 7F,34.70430,135.49555,平日 11:00-15:30 / 17:00-23:00；六日祝 11:00-23:00,Tabelog 3.36（113 則）,"午 ¥1,000–1,999／晚 ¥2,000–2,999","https://www.google.com/maps/search/?api=1&query=34.70430,135.49555",2026-07-12
114,Grand Front｜Natural House 有機熟食,大阪,有機超市・蔬食熟食デリ・果汁 bar（うめきた広場 B1）,Grand Front 大阪 うめきた広場 B1・梅田,大阪市北区大深町 4-1 グランフロント大阪 うめきた広場 B1,34.70490,135.49505,10:00-22:00（不定休）,Tabelog 3.01（7 則）,"依採購（¥300–1,000）","https://www.google.com/maps/search/?api=1&query=34.70490,135.49505",2026-07-12
115,JR伊勢丹 11F｜京豆腐 不二乃,京都,豆腐・湯葉創作料理（JR伊勢丹 11F）,JR京都伊勢丹 11F・京都駅,京都市下京区烏丸通塩小路下ル JR京都伊勢丹 11F,34.98615,135.75877,11:00-22:00（LO21:15）；公休依伊勢丹,Tabelog 3.47（290 則）,"午 ¥2,000–2,999／晚 ¥6,000–7,999","https://www.google.com/maps/search/?api=1&query=34.98615,135.75877",2026-07-14
116,JR伊勢丹 11F｜松山閣 湯葉懷石,京都,京懷石・湯葉料理（可預約精進）（JR伊勢丹 11F）,JR京都伊勢丹 11F・京都駅,京都市下京区烏丸通塩小路下ル JR京都伊勢丹 11F,34.98605,135.75897,11:00-22:00（LO21:15）；公休依伊勢丹,Tabelog 3.46（311 則）,"午 ¥3,000–3,999／晚 ¥6,000–7,999","https://www.google.com/maps/search/?api=1&query=34.98605,135.75897",2026-07-14
117,京都駅ビル 2F｜京野菜料理 接方来,京都,京野菜料理・個室居酒屋（京都駅ビル 2F）,京都駅ビル 2F・京都駅,京都市下京区烏丸通塩小路下ル 京都駅ビル 2F,34.98585,135.75907,約 11:00-22:00；公休依駅ビル,Tabelog 3.47（431 則）,"午 ¥1,000–1,999／晚 ¥3,000–3,999","https://www.google.com/maps/search/?api=1&query=34.98585,135.75907",2026-07-14
118,京都駅ビル｜中村藤吉 抹茶甜點,京都,宇治茶甜點喫茶（京都駅ビル）,京都駅ビル（西/The CUBE 一帶）・京都駅,京都市下京区烏丸通塩小路下ル 京都駅ビル,34.98565,135.75897,約 11:00-22:00,"Tabelog 3.55（1,437 則）","約 ¥1,000–2,000／人","https://www.google.com/maps/search/?api=1&query=34.98565,135.75897",2026-07-14
119,JR伊勢丹 B2F｜ベジテリア 蔬果汁,京都,現打蔬果汁・湯・沙拉（JR伊勢丹 地下食品街）,JR京都伊勢丹 B2F 食品街・京都駅,京都市下京区烏丸通塩小路下ル JR京都伊勢丹 B2F,34.98555,135.75877,約 10:00-20:00（依伊勢丹）,Tabelog 3.05（18 則）,"約 ¥500–1,000／人","https://www.google.com/maps/search/?api=1&query=34.98555,135.75877",2026-07-14
120,京都ポルタ 11F｜先斗入ル 義麵,京都,京風義大利麵（京都ポルタ 11F）,京都ポルタ 11F ポルタダイニング・京都駅,京都市下京区東塩小路町 902 京都ポルタ 11F,34.98640,135.75860,11:00-22:00,Tabelog 3.08,"約 ¥1,000–1,999／人","https://www.google.com/maps/search/?api=1&query=34.98640,135.75860",2026-07-14
121,大丸京都 8F｜VEGGIE ISO TERRACE,京都,蔬菜熟食・沙拉吧・BBQ（大丸京都 8F）,大丸京都店 8F・四条高倉,京都市下京区四条通高倉西入立売西町 79 大丸京都店 8F,35.00459,135.76196,11:00-23:00（food LO22:00）,查無（大丸官方餐飲頁）,"午 ¥2,000–3,000／晚 ¥4,000–5,000","https://www.google.com/maps/search/?api=1&query=35.00459,135.76196",2026-07-14
122,大丸京都 8F｜LA RISOTTERIA 燉飯,京都,義式燉飯・義大利麵（大丸京都 8F）,大丸京都店 8F・四条高倉,京都市下京区四条通高倉西入立売西町 79 大丸京都店 8F,35.00439,135.76216,11:00-22:00,查無（大丸官方餐飲頁）,"約 ¥1,500–2,500／人","https://www.google.com/maps/search/?api=1&query=35.00439,135.76216",2026-07-14
123,大丸京都 3F｜HARBS 蛋糕,京都,蛋糕・咖啡（水果千層）（大丸京都 3F）,大丸京都店 3F・四条高倉,京都市下京区四条通高倉西入立売西町 79 大丸京都店 3F,35.00419,135.76196,約 10:00-20:00（依大丸）,查無（官方頁）,"約 ¥1,000–2,000／人","https://www.google.com/maps/search/?api=1&query=35.00419,135.76196",2026-07-14
124,髙島屋 T8｜LINA STORES 義麵,京都,義大利手工新鮮パスタ（T8 1F）,京都髙島屋 S.C. T8 1F・四条河原町,京都市下京区四条通河原町西入真町 52 T8,35.00340,135.76851,約 11:00-23:00（依 T8）,查無（T8 官方）,"約 ¥2,000–3,000／人","https://www.google.com/maps/search/?api=1&query=35.00340,135.76851",2026-07-14
125,髙島屋 T8｜進々堂 麵包,京都,麵包・咖啡（京都 1913 創業）（T8 B1）,京都髙島屋 S.C. T8 B1・四条河原町,京都市下京区四条通河原町西入真町 52 T8 B1,35.00320,135.76871,依 T8（約 10:00-20:00）,查無（T8 官方）,"約 ¥500–1,500／人","https://www.google.com/maps/search/?api=1&query=35.00320,135.76871",2026-07-14
126,髙島屋 T8｜GRANNY SMITH 蘋果派,京都,蘋果派・咖啡（T8 B1）,京都髙島屋 S.C. T8 B1・四条河原町,京都市下京区四条通河原町西入真町 52 T8 B1,35.00300,135.76851,依 T8,查無（T8 官方）,"約 ¥800–1,500／人","https://www.google.com/maps/search/?api=1&query=35.00300,135.76851",2026-07-14
127,玄米カフェ 実身美 あべの店,大阪,有機玄米健康食堂｜蔬食友善,阿倍野・阿倍野區（獨立店面・阿倍野駅步行 2 分）,大阪市阿倍野区阿倍野筋 2-4-39,34.64295,135.51233,11:00-21:00（LO20:30）；週日公休,Tabelog 3.47（370 則）,"約 ¥1,200–1,600／人","https://www.google.com/maps/search/?api=1&query=34.64295,135.51233",2026-07-12
128,玄三庵 天王寺MIO店,大阪,健康野菜食堂｜蔬食友善,天王寺・天王寺區（天王寺MIO プラザ館 4F）,大阪市天王寺区悲田院町 10-48 天王寺MIO プラザ館 4F,34.64773,135.51366,11:00-22:00（隨 MIO）,Tabelog 3.36（244 則）,"約 ¥1,000–1,999／人","https://www.google.com/maps/search/?api=1&query=34.64773,135.51366",2026-07-12
129,MOKUMOKU お日さまのえがお（HARUKAS）,大阪,農場野菜自助餐 buffet｜蔬食友善,阿倍野・阿倍野區（あべのハルカス タワー館 13F）,大阪市阿倍野区阿倍野筋 1-1-43 あべのハルカス近鉄本店 タワー館 13F,34.64598,135.51369,平日 11:00-16:00 / 17:00-22:00；假日至 22:00（不定休）,Tabelog 3.42（235 則）,"午 ¥2,400／晚 ¥2,900（吃到飽）","https://www.google.com/maps/search/?api=1&query=34.64598,135.51369",2026-07-12
130,お好み焼き ちとせ（新世界）,大阪,大阪燒（有素食版）｜蔬食友善,新世界/動物園前・西成區（通天閣旁・じゃんじゃん横丁南）,大阪市西成区太子 1-11-10,34.64753,135.50467,週一四五日 11:30-14:30 / 17:00-20:00；週六 11:30-14:15；週二三公休,Tabelog 3.66（348 則・百名店）,"約 ¥1,000–1,500／人","https://www.google.com/maps/search/?api=1&query=34.64753,135.50467",2026-07-12
131,my bowl マイボウル,大阪,純素 Vegan・無麩質｜蔬食碗・甜點,夕陽丘・天王寺區（獨立店面 1F）,大阪市天王寺区真法院町 11-3 1F,34.65666,135.52297,營業日不固定（約週一/四/六 11:00-15:00，請先查 IG/官網）,Tabelog 3.09（32 則）,"約 ¥1,000–1,999／人","https://www.google.com/maps/search/?api=1&query=34.65666,135.52297",2026-07-12
132,LiNGUA World Cafe,大阪,國際咖啡館（有純素選項）｜蔬食友善,上本町・谷町九丁目・天王寺區（ラルゴ上汐 1F）,大阪市天王寺区上汐 3-6-18 ラルゴ上汐 1F,34.66390,135.51616,週二-五 11:00-19:00；週六 10:00-21:00；週日 10:00-18:00；週一公休,Tabelog 3.18（30 則）,"約 ¥1,000–2,999／人","https://www.google.com/maps/search/?api=1&query=34.66390,135.51616",2026-07-12
133,GOLD FALAFEL,大阪,中東 falafel・純素｜蔬食,桑津・東住吉區（獨立店面・東部市場前駅步行 7 分）,大阪市東住吉区桑津 4-12-32,34.63788,135.53306,營業日極少/不定（約金土日，務必先電話/IG 確認）,Tabelog 3.12（14 則）,"約 ¥1,000–1,999／人","https://www.google.com/maps/search/?api=1&query=34.63788,135.53306",2026-07-12
134,Soleil 有機麵包工房 それいゆ,大阪,石臼石窯有機麵包烘焙坊｜蔬食友善,帝塚山・姫松・阿倍野區（獨立店面・姫松駅步行 1 分）,大阪市阿倍野区帝塚山（姫松駅 1 號出口）,34.62517,135.50381,8:00 起（售完為止）；週一二公休,Tabelog 3.62,"約 ¥500–1,000／人","https://www.google.com/maps/search/?api=1&query=34.62517,135.50381",2026-07-12
135,Buddha ブッダ（全素）,大阪,純素 Vegan・無麩質｜咖啡・Buddha bowl,森ノ宮・東成區（金井ビル 1F・近玉造）,大阪市東成区中道 1-8-15 金井ビル 1F,34.67781,135.53631,平日 10:30-15:30；六日假日 11:00-15:00；週日公休・週六不定休,Tabelog 3.19（38 則）,"約 ¥1,000–2,000／人","https://www.google.com/maps/search/?api=1&query=34.67781,135.53631",2026-07-12
136,玄米カフェ 実身美 京橋店,大阪,有機玄米定食・咖啡｜蔬食友善,京橋・都島區（京阪高架下「Kぶらっと」内）,大阪市都島区東野田町 1-6-1,34.69613,135.53039,週一-六假日 11:00-21:00；週日 11:00-15:00；第1・3・5 週日公休,Tabelog 3.45（261 則）,"約 ¥1,000–2,000／人","https://www.google.com/maps/search/?api=1&query=34.69613,135.53039",2026-07-12
137,スパイスバル JAY 京橋店,大阪,印度咖哩（吃到飽）｜蔬食友善,京橋・城東區（獨立店面・大阪城公園近）,大阪市城東区鴫野西 2-9-2,34.69221,135.53714,11:00-14:30 / 17:00-22:30；無休（1/1 除外）,Tabelog 3.25（74 則）,"午 ¥999–2,000／晚 ¥2,000–3,000（吃到飽）","https://www.google.com/maps/search/?api=1&query=34.69221,135.53714",2026-07-12
138,MICASADECO THE PARK 鬆餅,大阪,咖啡・鬆餅（早午餐）｜蔬食友善,大手前・馬場町・中央區（なノにわ C-2・大阪城南/難波宮跡旁）,大阪市中央区馬場町 3-65 なノにわ内 C-2,34.68209,135.52203,9:00-20:00（LO19:00，鬆餅供應至 17:00）,Tabelog 3.36（84 則）,"午 ¥1,000–2,000／晚 ¥2,000–3,000","https://www.google.com/maps/search/?api=1&query=34.68209,135.52203",2026-07-12
139,THE PORT on the green,大阪,咖啡・早午餐（有機/發酵/超級食物）｜蔬食友善,大手前・馬場町・中央區（なノにわ B-3・大阪城旁）,大阪市中央区馬場町 3-65 なノにわ B-3,34.68238,135.52195,8:00-22:00（LO21:00）,Tabelog 3.41,"約 ¥1,000–3,000／人","https://www.google.com/maps/search/?api=1&query=34.68238,135.52195",2026-07-12
140,VEGGIE ISM 沙拉碗,大阪,沙拉碗・冷湯專門（外帶/內用）｜蔬食友善,天満橋・北浜東・中央區（ART AJITO 1961 1F・大川南岸）,大阪市中央区北浜東 2-17 ART AJITO 1961 1F,34.68973,135.51410,平日 8:00-15:00；六日假日 10:00-15:00,Tabelog 3.00（6 則・新開）,"約 ¥1,000–2,000／人","https://www.google.com/maps/search/?api=1&query=34.68973,135.51410",2026-07-12
141,vege eats +plus,大阪,沙拉・三明治・飯糰（自種萵苣・外帶）｜蔬食友善,谷町四丁目・中央區（獨立店面 1F・近大手前）,大阪市中央区谷町 3-4-9 1F,34.68234,135.51698,週一-五 8:00-20:00；週六日假日公休,Tabelog 3.00（5 則）,約 ¥999 以內,"https://www.google.com/maps/search/?api=1&query=34.68234,135.51698",2026-07-12
142,aglio-olio 藥膳咖哩（全素）,大阪,藥膳咖哩・洋食｜全素 Vegan,難波千日前・中央區（裏なんば・獨立店面）,大阪市中央区難波千日前 7-4 スターハウスマンション 1F,34.66375,135.50430,週四-六 11:30-20:00／週日 11:30-15:30；週一二三公休（去前建議確認）,Tabelog 3.56（293 則・百名店）,"約 ¥1,000–1,999／人","https://www.google.com/maps/search/?api=1&query=34.66375,135.50430",2026-07-12
143,Falafel Sababa,大阪,中東・以色列料理｜蔬食友善,西心斎橋・中央區（アメリカ村・獨立店面）,大阪市中央区西心斎橋 2-17-13 New Corner Bldg,34.67043,135.49734,週二-四 11:30-20:00；週五-日 11:30-21:00；週一公休,HappyCow 4.0（82 則）,"約 ¥600–1,600／人","https://www.google.com/maps/search/?api=1&query=34.67043,135.49734",2026-07-14
144,すするか、すすらんか 麻婆豆腐拉麵,大阪,拉麵（麻婆豆腐拉麵）｜蔬食友善,東心斎橋・中央區（第一KSビル B1F・近長堀橋）,大阪市中央区東心斎橋 1-15-22 第一KSビル B1F,34.67230,135.50340,11:00-15:00 / 18:00-23:00；週二公休,Tabelog 3.52（511 則）,"約 ¥1,000–1,999／人","https://www.google.com/maps/search/?api=1&query=34.67230,135.50340",2026-07-14
145,発酵美食カフェ PRANA（全素）,大阪,發酵・長壽飲食(マクロビ)咖啡｜全素 Vegan,靭本町・西區（ベルアールビル 1F・近本町/四ツ橋・靭公園南）,大阪市西区靭本町 1-18-6 ベルアールビル 1F,34.68320,135.49480,11:00-18:00（LO17:30）；不定休（建議先確認）,Tabelog 3.14（24 則）,"午餐約 ¥1,000–1,999／人","https://www.google.com/maps/search/?api=1&query=34.68320,135.49480",2026-07-12
146,W RETREAT CAFE（腸活純素）,大阪,純素咖啡（腸活・せいろ蒸し・GF・有機）｜全素 Vegan,南船場・中央區（ラスターオン心斎橋ビル 10F・心斎橋/長堀）,大阪市中央区南船場 4-5-8 ラスターオン心斎橋ビル 10F,34.67420,135.49880,查無明確時段（官網有預約行事曆，建議 LINE 預約前確認）,查無（IG 為主）,需預約確認,"https://www.google.com/maps/search/?api=1&query=34.67420,135.49880",2026-07-14
148,ZIRAEL Vegan Restaurant（祇園）,京都,純素 Vegan｜創作料理,祇園・東山區（近八坂/清水寺一帶）,京都市東山区祇園（詳細見預約頁）,35.00507,135.77796,週三-日/假日 12:30-19:00（料理 LO18:30）；週一二公休（售完即打烊）,TripAdvisor 5.0／Tabelog 3.04（Google 約 4.9 整合站）,"午/晚 ¥1,501–2,000／人","https://www.google.com/maps/search/?api=1&query=35.00507,135.77796",2026-07-14
149,豆水楼 祇園店,京都,豆腐料理・京料理（有素食コース）｜蔬食友善,祇園・東山區（築 150 年町家）,京都市東山区祇園町（花見小路一帶）,34.99980,135.77750,11:30-15:00 / 17:00-21:00；年中無休（年末年始可能休）,Tabelog 3.40（129 則）／TripAdvisor 4.2,"素食懷石「六波羅」¥12,000（需預約）","https://www.google.com/maps/search/?api=1&query=34.99980,135.77750",2026-07-14
150,嵯峨とうふ 稲 北店（嵐山）,京都,豆腐・湯葉料理（有蔬食御膳）｜蔬食友善,嵐山・嵯峨・右京區（近天龍寺/竹林）,京都市右京区嵯峨天龍寺（北店）,35.01728,135.67690,11:00-19:00（LO）；年中無休（旺季延長）,Tabelog 3.39（161 則）,"ベジタリアン御膳 ¥2,180","https://www.google.com/maps/search/?api=1&query=35.01728,135.67690",2026-07-14
151,Musubi Sweets Factory（嵐山・全素甜點）,京都,純素 Vegan・無麩質｜甜點・烘焙,嵐山・右京區（渡月橋步行約 45 秒）,京都市右京区嵯峨天龍寺（渡月橋北側一帶）,35.01088,135.67772,10:00-18:00（LO 打烊前 1 小時）；週二不定休（假日照常）,Yahoo 4.67／Tabelog 3.08（10 則）,"甜點套組約 ¥1,030–1,200","https://www.google.com/maps/search/?api=1&query=35.01088,135.67772",2026-07-14
152,サガルマタ Sagarmatha 印度尼泊爾,大阪,印度/尼泊爾咖哩｜蔬食友善,天保山・港區（大阪港站步行 2 分・獨立店面）,大阪市港区築港 4-2-31,34.65443,135.43268,11:00-15:00 / 17:00-23:00（LO22:30）；每月 2 次週二晚公休,Google 4.6（637 則）,"午約 ¥1,000／晚 ¥1,000–2,000","https://www.google.com/maps/search/?api=1&query=34.65443,135.43268",2026-07-14
153,Pokhara Pacific 尼泊爾料理,大阪,尼泊爾/印度料理｜蔬食友善,弁天町・港區（弁天町站步行 7 分・獨立店面）,大阪市港区磯路 2-11-20,34.66465,135.46113,11:00-15:00 / 17:00-22:30（LO22:00）；公休去前確認,Google 4.2（43 則）,"午約 ¥1,000／晚 ¥1,000–2,000","https://www.google.com/maps/search/?api=1&query=34.66465,135.46113",2026-07-14
154,9 Borden Coffee,大阪,咖啡・輕食｜蔬食友善,天保山・港區（港振興ビル 1F・大阪港站 2 分）,大阪市港区築港 3-7-15 港振興ビル 111,34.65469,135.43298,7:30-18:00；僅元旦休,"Google 4.6（1,091 則）","約 ¥500–1,000／人","https://www.google.com/maps/search/?api=1&query=34.65469,135.43298",2026-07-14
155,Mother Moon Cafe 天保山店,大阪,鬆餅・甜點咖啡｜蔬食友善,天保山・港區（天保山マーケットプレース 2F・海遊館旁）,大阪市港区海岸通 1-1-10 天保山マーケットプレース 2F,34.65583,135.43027,10:00-21:00（LO20:00）；不定休(隨商場),Google 3.6（242 則）,"約 ¥1,000–2,000／人","https://www.google.com/maps/search/?api=1&query=34.65583,135.43027",2026-07-14
156,Vie de France 弁天町店,大阪,麵包烘焙＆咖啡｜蔬食友善,弁天町・港區（大阪ベイタワーイースト 2F・弁天町站即到）,大阪市港区弁天 1-2-2-200 大阪ベイタワーイースト 2F,34.67016,135.46066,7:00-20:30（LO20:00）；無休,Google 3.9（181 則）,"約 ¥150–1,000／人","https://www.google.com/maps/search/?api=1&query=34.67016,135.46066",2026-07-14
157,good siphon coffee 大阪ベイタワー,大阪,虹吸咖啡（併設書店）｜蔬食友善,弁天町・港區（大阪ベイタワーイースト 2F・弁天町站直結）,大阪市港区弁天 1-2-2 大阪ベイタワーイースト 2F,34.66974,135.46081,7:00-21:00（LO20:30）；無休,Google 4.3（71 則）,"約 ¥500–1,000／人","https://www.google.com/maps/search/?api=1&query=34.66974,135.46081",2026-07-14
158,Starbucks 海遊館店,大阪,連鎖咖啡｜蔬食友善,天保山・港區（海遊館館內・最靠水族館入口）,大阪市港区海岸通 1-1-10 海遊館,34.65498,135.42862,約 09:00-21:00；不定休(隨海遊館),Tabelog 3.06（53 則）,約 ¥500–800／人,"https://www.google.com/maps/search/?api=1&query=34.65498,135.42862",2026-07-14
159,喜菜亭 Kinatei（100% 素食）,奈良,100% 素食｜創作・拉麵/定食/懐石,JR奈良駅前・杉ヶ町（フェリス駅前ビル 1F）,奈良市杉ヶ町 25-1 フェリス駅前 1F,34.67774,135.82086,午 週二-日/假日 11:30-14:30；晚 18:00-22:00（需預約）；週一公休(晚可預約),Tabelog 3.06（9 則）／HappyCow 奈良 #4,"午約 ¥1,500–2,500（晚懐石較高）","https://www.google.com/maps/search/?api=1&query=34.67774,135.82086",2026-07-14
160,Big Mountain Cafe & Farm,奈良,GF＆Vegan 對應・自家農園咖啡（葷素混合）｜蔬食友善,近鉄奈良駅・西新在家町（獨立店面・免費停車）,奈良市西新在家町 20-1,34.68835,135.82502,週二＋每月第 3 週三公休；營業時間常變(前往前建議電話確認),Tabelog 3.10（23 則）,"午約 ¥1,500–2,500","https://www.google.com/maps/search/?api=1&query=34.68835,135.82502",2026-07-14
161,楽夢菜 Ramuna（純素・平日）,奈良,純素 Vegan｜咖啡（拉麵/發酵玄米/漢堡/甜點）,高畑町・奈良公園南（近新薬師寺・破石町巴士站）,奈良市高畑町 1028-5,34.67828,135.83537,週一-四 13:00-17:00；週五六日公休；不可預約,Tabelog 3.04（5 則）／HappyCow 奈良 #1,"午約 ¥1,200–1,800","https://www.google.com/maps/search/?api=1&query=34.67828,135.83537",2026-07-14
162,Pleased To Meet Me（法拉費喫茶）,奈良,喫茶・falafel｜蔬食友善,法蓮町・近鉄奈良駅北（獨立町家・やすらぎの道沿）,奈良市法蓮町 1249-1,34.69192,135.82616,週二三五 15:00-21:00；週六日 14:00-21:00；週一四公休,Tabelog 3.01（1 則・樣本少）,"約 ¥1,000–1,500＋飲品","https://www.google.com/maps/search/?api=1&query=34.69192,135.82616",2026-07-14
163,梅の花 奈良店（湯葉豆腐懐石）,奈良,湯葉・豆腐懐石・和食（需相談）｜蔬食友善,二名・富雄・西奈良（獨立店・沿富雄川，離觀光核心遠）,奈良市二名 1-2378,34.70550,135.73296,平日 11:00-15:30 / 17:00-21:30；週末 11:00-16:00 / 17:00-22:00,Tabelog 3.53（78 則）,"午 ¥3,000–5,000／晚 ¥4,000–7,000","https://www.google.com/maps/search/?api=1&query=34.70550,135.73296",2026-07-14
164,京都駅ビル 10F｜UNO RAMEN 純素豆乳拉麵,京都,純素拉麵（豆乳湯底・無麩質米粉麵）,京都駅ビル 10F 京都拉麺小路・京都駅,京都市下京区東塩小路町901 京都駅ビル10F,34.98586,135.75874,11:00-22:00（LO 21:30）；不定休,Tabelog 3.02,"約 ¥1,300–2,300／人（【花】¥2,310）","https://www.google.com/maps/search/?api=1&query=34.98586,135.75874",2026-07-14
165,京都BAL 4F｜Café&Meal MUJI 無印食堂,京都,無印良品食堂（蔬食友善・選惣菜）,京都BAL 4F・河原町三条,京都市中京区河原町通三条下ル山崎町251 京都BAL 4F,35.00696,135.76975,11:00-20:00（依BAL）,Tabelog 3.06,"約 ¥1,000–1,600／人","https://www.google.com/maps/search/?api=1&query=35.00696,135.76975",2026-07-14
166,髙島屋T8 B1F｜カフェ・ヴェルディ,京都,自家焙煎咖啡・烘焙（蔬食友善）,京都髙島屋 S.C.「T8」B1F・四条河原町,京都市下京区四条通河原町西入真町52 京都髙島屋T8 B1F,35.00353,135.76825,10:30-20:00（依T8）,Tabelog（百貨店內）,"咖啡/點心 約 ¥600–1,200／人","https://www.google.com/maps/search/?api=1&query=35.00353,135.76825",2026-07-14
167,京都髙島屋 7F｜アルポルトカフェ,京都,義式咖啡餐廳（蔬食友善）,京都髙島屋 本館 7F レストラン街・四条河原町,京都市下京区四条通河原町西入真町52 京都髙島屋7F,35.00321,135.76813,11:00-21:30（依髙島屋）,Tabelog（百貨店內）,"午餐 約 ¥1,500–2,500／人","https://www.google.com/maps/search/?api=1&query=35.00321,135.76813",2026-07-14
168,大丸京都 8F｜CAFFÈ TERRACE ISOLA,京都,甜點咖啡（蔬食友善）,大丸京都店 8F・四条烏丸,京都市下京区四条通高倉西入立売西町79 大丸京都8F,35.00430,135.76203,10:00-20:00（依大丸）,Tabelog（百貨店內）,"甜點＋飲品 約 ¥1,200–2,000／人","https://www.google.com/maps/search/?api=1&query=35.00430,135.76203",2026-07-14
169,大丸京都 8F｜丸福珈琲店 ザ・パーラー,京都,復古喫茶・甜點（蔬食友善）,大丸京都店 8F・四条烏丸,京都市下京区四条通高倉西入立売西町79 大丸京都8F,35.00392,135.76215,10:00-20:00（依大丸）,Tabelog（百貨店內）,"約 ¥1,000–1,800／人","https://www.google.com/maps/search/?api=1&query=35.00392,135.76215",2026-07-14
170,JR京都伊勢丹 6F｜茶寮都路里,京都,抹茶甜點（蔬食友善）,JR京都伊勢丹 6F・京都駅,京都市下京区烏丸通塩小路下ル JR京都伊勢丹6F,34.98626,135.75781,11:00-21:00（LO 20:00・依伊勢丹）,Tabelog（百貨店內）,"抹茶パフェ 約 ¥1,300–2,000／人","https://www.google.com/maps/search/?api=1&query=34.98626,135.75781",2026-07-14
171,京都ポルタ｜みのりカフェ,京都,自然食咖啡（蔬食友善）,京都ポルタ（京都駅前地下街）・京都駅,京都市下京区東塩小路町902 京都ポルタ,34.98694,135.75863,11:00-22:00（依ポルタ）,Tabelog（百貨店內）,"約 ¥1,000–1,800／人","https://www.google.com/maps/search/?api=1&query=34.98694,135.75863",2026-07-14
172,ヨドバシ京都 6F｜シアトルズベストコーヒー,京都,咖啡連鎖（蔬食友善）,ヨドバシカメラ京都 6F レストラン街・京都駅,京都市下京区烏丸通七条下ル東塩小路町590-2 ヨドバシ京都6F,34.98814,135.75870,10:00-22:30（依ヨドバシ）,Tabelog（百貨店內）,"咖啡/輕食 約 ¥500–1,200／人","https://www.google.com/maps/search/?api=1&query=34.98814,135.75870",2026-07-14
173,祇園｜UNO RAMEN 純素豆乳拉麵（本店）,京都,純素拉麵（豆乳湯底・無麩質米粉麵）,祇園四条・東山區,京都市東山区亀井町40,35.00242,135.77272,11:00-21:30（LO 21:30）；不定休,Tabelog 3.09／IG @unoyukiko.ramen,"約 ¥1,300–2,300／人","https://www.google.com/maps/search/?api=1&query=35.00242,135.77272",2026-07-14
174,素食カフェ Ren 四条大宮店（台灣素食）,京都,台灣素食・藥膳｜全素,壬生・中京區（四条大宮）,京都市中京区壬生坊城町12-7,35.00445,135.74670,11:30-20:00；週日公休,Tabelog 3.18／HappyCow 4.5,"約 ¥1,000–1,800／人","https://www.google.com/maps/search/?api=1&query=35.00445,135.74670",2026-07-14
175,菜食インドレストラン Shama 京都店,京都,印度蔬食｜蛋奶素,東山區（清水五条／東福寺方面）,京都市東山区鐘鋳町391-3,34.99379,135.77409,11:00-15:00 / 17:00-22:00（公休請電話確認）,HappyCow 5.0／TripAdvisor 4.0,"午 ¥1,200–1,800／晚 ¥2,000–3,000","https://www.google.com/maps/search/?api=1&query=34.99379,135.77409",2026-07-14
176,平和的ごはん パドマ Padma（純素京野菜）,京都,純素京野菜・印度香料料理｜全素,神宮丸太町／出町柳・左京區,京都市左京区下堤町82 恵美須ビル2F,35.01705,135.77271,12:00-19:00（食物 LO18:00）；週一・週四公休,Tabelog 3.08／HappyCow 4.5,"約 ¥1,500–2,500／人","https://www.google.com/maps/search/?api=1&query=35.01705,135.77271",2026-07-14
177,普廻 FUNE（純素未來粥）,京都,純素鹹粥定食・選物店｜全素,中京區（丸太町・高倉夷川）,京都市中京区高倉通夷川上ル福屋町717-1,35.01570,135.76227,12:00-18:00；週三公休,Tabelog 3.07／HappyCow 5.0,"約 ¥1,500–2,500／人","https://www.google.com/maps/search/?api=1&query=35.01570,135.76227",2026-07-14
178,アペリラ 純素麵包坊（ʼapelila）,京都,純素麵包坊・咖啡｜全素,高野／下鴨・左京區（近下鴨神社）,京都市左京区高野蓼原町36-3,35.03444,135.77524,約 10:00-16:00；週一・週二公休（不定休）,Tabelog 3.09／HappyCow 4.5,"麵包 ¥300–600／午餐 ¥1,000–1,500","https://www.google.com/maps/search/?api=1&query=35.03444,135.77524",2026-07-14
179,cafe planet（純素・無麩質）,京都,純素・無麩質咖啡｜全素 GF,出町柳・上京區（鴨川沿）,京都市上京区梶井町447-5,35.02927,135.77061,09:00-18:00（LO17:50）；週三公休,Tabelog 3.28,"約 ¥1,500–2,500／人","https://www.google.com/maps/search/?api=1&query=35.02927,135.77061",2026-07-14
180,Little Heaven（純素創作精進・預約制）,京都,純素創作/精進套餐｜全素（預約制）,嵯峨野・右京區（近嵐山）,京都市右京区嵯峨野開町8-29,35.01455,135.69881,12:00-22:00・不定休（建議預約；部分為預約制套餐）,HappyCow 5.0,"套餐約 ¥5,000+／人（預約制）","https://www.google.com/maps/search/?api=1&query=35.01455,135.69881",2026-07-14
181,CONTO 純素冰淇淋咖啡（2025 新開）,京都,純素冰淇淋/gelato・咖啡・甜甜圈（蔬食友善）,烏丸御池・中京區,京都市中京区御池通衣棚西入西横町174-1 1F,35.01112,135.75719,約 7:30-19:00（不定休；座位少、以外帶為主）,Tabelog 3.33／IG @conto_kyoto,冰 ¥600–900／咖啡 約 ¥500,"https://www.google.com/maps/search/?api=1&query=35.01112,135.75719",2026-07-14
182,MERCY Vegan Bakery 東九条（2026 新開）,京都,純素麵包專門｜全素,東九条・南區（九条駅徒步 6 分／京都駅徒步 15 分）,京都市南区東九条河西町4 ホテルエリート京都ステーション1F,34.98041,135.76443,7:00-售完為止；無固定公休,Tabelog 3.02（新店）,麵包 ¥300–600／個,"https://www.google.com/maps/search/?api=1&query=34.98041,135.76443",2026-07-14
183,Hyssop（GOOD NATURE STATION 4F）,京都,京野菜料理（蔬食友善・部分純素）,四条河原町・下京區（GOOD NATURE STATION 4F）,京都市下京区河原町通四条下ル2丁目稲荷町318-6 4F,35.00248,135.76885,午 11:30-14:30／brunch-16:30／晚 17:30-21:00,Tabelog 3.50（238 則）,"午 ¥2,000–3,000／晚 ¥5,000–6,000","https://www.google.com/maps/search/?api=1&query=35.00248,135.76885",2026-07-14
184,本と野菜 OyOy（新風館 1F）,京都,蔬食拼盤咖啡（蔬食友善）,烏丸御池・中京區（新風館 SHINPUH-KAN 1F）,京都市中京区場之町586-2 新風館1F,35.00926,135.76051,一/三/四 11:00-20:00(LO19:00)；五六日 11:00-21:00(LO20:00)；週二公休,Tabelog 3.37／IG @oyoy.kyoto,"約 ¥1,000–1,999／人","https://www.google.com/maps/search/?api=1&query=35.00926,135.76051",2026-07-14
185,Premarché Alternative Diner（窯烤披薩）,京都,窯烤披薩・餐酒（蔬食友善・有葷）,二条城前・中京區（三条會商店街）,京都市中京区三条堀川西入橋西町672 プレマヴィレッジ京都堀川三条2F,35.00862,135.75127,11:30-15:00(LO14:15) / 17:00-22:00(料理LO21:00)；週三公休,Tabelog 3.08,"約 ¥2,000–2,999／人","https://www.google.com/maps/search/?api=1&query=35.00862,135.75127",2026-07-14
186,Soup Stock Tokyo 心斎橋PARCO B1F,大阪,湯品專門（蔬食友善）,心斎橋PARCO B1F・心齋橋,大阪市中央区心斎橋筋1-8-3 心斎橋PARCO B1F,34.67386,135.50097,約 11:00-20:00（隨 PARCO）,Tabelog 3.07,"約 ¥800–1,300／人","https://www.google.com/maps/search/?api=1&query=34.67386,135.50097",2026-07-14
187,Himalayan Kitchen 心斎橋BIG STEP 3F,大阪,尼泊爾/印度料理（蛋奶素友善・共用廚房）,西心斎橋・アメリカ村（心斎橋ビッグステップ 3F）,大阪市中央区西心斎橋1-6-14 心斎橋ビッグステップ3F,34.67228,135.49875,11:00-23:00（L.O. 約 22:30・隨 BIG STEP）,Tabelog 3.19,"約 ¥1,000–1,800／人","https://www.google.com/maps/search/?api=1&query=34.67228,135.49875",2026-07-14
188,アリーズキッチン（ALI’S KITCHEN・巴基斯坦）,大阪,巴基斯坦/中東 halal（蛋奶素友善・共用廚房）,心斎橋筋（トレスビル B1F）,大阪市中央区心斎橋筋1-10-12 トレスビルB1F,34.67481,135.50095,11:00-15:00 / 17:00-22:00；週四公休,Tabelog 3.53,"約 ¥1,000–1,800／人","https://www.google.com/maps/search/?api=1&query=34.67481,135.50095",2026-07-14
189,ゴータマ Gautama（印度料理）,大阪,印度料理（蛋奶素友善・共用廚房）,西心斎橋・近長堀橋（シエロアズールビル B1F）,大阪市中央区西心斎橋1-1-10 シエロアズールビルB1F,34.67479,135.49948,平日 11:30-23:00(LO22:30)、日祝 11:30-22:00；無休,Tabelog 3.13,"午間套餐 ¥1,000–1,500","https://www.google.com/maps/search/?api=1&query=34.67479,135.49948",2026-07-14
190,GENMAI Cafe 玄米カフェ（需電話確認）,大阪,玄米自然食咖啡（蔬食友善・需確認無魚）,心斎橋筋（心斎橋⇄本町之間・第3酵素ビル 2F）,大阪市中央区南久宝寺町3-6-9 第3酵素ビル2F,34.68080,135.50100,2F Café 11:00-17:00；週四公休（座標約略・去前電話確認營業）,Vegewel／官方（Tabelog 舊頁閉店・需再確認）,"約 ¥1,000–1,700／人","https://www.google.com/maps/search/?api=1&query=34.68080,135.50100",2026-07-14
191,CHADO 抹茶燕麥拿鐵（有機・南船場）,大阪,抹茶專門咖啡（純素飲品友善）,南船場（路面店）,大阪市中央区南船場4-13-15,34.67622,135.49793,每日 10:00-17:00,HappyCow（2024-25 活躍）／IG @chado_jp,飲品 約 ¥600–900／人,"https://www.google.com/maps/search/?api=1&query=34.67622,135.49793",2026-07-14
192,お芋スイーツ 芋よし なんばマルイ 1F,大阪,番薯甜點專門（蔬食友善）,なんばマルイ(OIOI) 1F・難波（心齋橋南側）,大阪市中央区難波3-8-9 なんばマルイ1F,34.66552,135.50101,11:00-20:00（隨マルイ）,Tabelog 3.04／IG @imoyoshi_0109,"約 ¥500–1,200／人","https://www.google.com/maps/search/?api=1&query=34.66552,135.50101",2026-07-14
193,カスカード CASCADE なんばマルイ B1F,大阪,麵包坊（蛋奶素友善）,なんばマルイ(OIOI) B1F・難波,大阪市中央区難波3-8-9 なんばマルイB1F,34.66547,135.50073,一-六 8:00-21:30、日/假 8:00-21:00,Tabelog 3.39（288 則）,每個 ¥200–800,"https://www.google.com/maps/search/?api=1&query=34.66547,135.50073",2026-07-14
194,HARBS 心斎橋PARCO 3F（蛋糕）,大阪,蛋糕咖啡（蛋奶素友善）,心斎橋PARCO 3F・心齋橋,大阪市中央区心斎橋筋1-8-3 心斎橋PARCO3F,34.67386,135.50097,約 11:00-20:00（隨 PARCO）,Tabelog 3.09（128 則）,"蛋糕＋飲品 約 ¥1,500–2,500／人","https://www.google.com/maps/search/?api=1&query=34.67386,135.50097",2026-07-14
195,CoCo壱番屋 なんば戎橋店（可點ベジカレー）,大阪,咖哩連鎖（蔬食咖哩・需客製）,難波・道頓堀（戎橋南すぐ）・中央區,大阪市中央区難波1-6-16,34.66720,135.50130,11:00-22:00,Tabelog／官方,"ベジカレー 約 ¥600–1,000／人","https://www.google.com/maps/search/?api=1&query=34.66720,135.50130",2026-07-14
196,SUBWAY サブウェイ なんばウォーク一番街店,大阪,三明治連鎖（蔬菜三明治・需客製）,なんばウォーク地下街（なんば駅直結）・中央區,大阪市中央区難波2 なんばウォーク1番街,34.66620,135.50170,10:00-21:00,官方,サンド 約 ¥500–900／人,"https://www.google.com/maps/search/?api=1&query=34.66620,135.50170",2026-07-14
197,モスバーガー なんばウォーク店,大阪,漢堡連鎖（大豆肉排・需客製）,なんばウォーク地下街 三番街（Metroなんば駅直結）・中央區,大阪市中央区難波1 なんばウォーク3-12,34.66671,135.50087,10:00-22:00,官方,約 ¥500–900／人,"https://www.google.com/maps/search/?api=1&query=34.66671,135.50087",2026-07-14
198,スターバックス 道頓堀・戎橋 TSUTAYA EBISUBASHI店,大阪,咖啡連鎖（PLANT BASED 植物性品項）,道頓堀・戎橋正面（TSUTAYA內）・中央區,大阪市中央区道頓堀1-8-19,34.66880,135.50090,08:00-翌04:00,官方,飲品/輕食 約 ¥500–900／人,"https://www.google.com/maps/search/?api=1&query=34.66880,135.50090",2026-07-14
199,サイゼリヤ なんばOCAT店,大阪,義式連鎖（蔬食組合・需逐項查過敏原）,OCAT B1F（JR難波駅直結）・浪速區,大阪市浪速区湊町1-4-1 OCAT B1F,34.66650,135.49440,10:00-23:00,官方過敏原表,"約 ¥500–1,200／人（便宜）","https://www.google.com/maps/search/?api=1&query=34.66650,135.49440",2026-07-14
200,CoCo壱番屋 中京区河原町三条店（可點ベジカレー）,京都,咖哩連鎖（蔬食咖哩・需客製）,河原町三条下る（新京極/錦市場近く）・中京區,京都市中京区河原町通三条下る大黒町51 林ビル,35.00870,135.76850,11:00-24:00（年中無休）,Tabelog／官方,"ベジカレー 約 ¥600–1,000／人","https://www.google.com/maps/search/?api=1&query=35.00870,135.76850",2026-07-14
201,スターバックス 京都ポルタ店（京都駅前地下街）,京都,咖啡連鎖（PLANT BASED 植物性品項）,京都ポルタ B1F 西エリア（京都駅前地下街）・下京區,京都市下京区東塩小路町902 京都ポルタB1F,34.98620,135.75830,07:30-22:00,官方,飲品/輕食 約 ¥500–900／人,"https://www.google.com/maps/search/?api=1&query=34.98620,135.75830",2026-07-14
202,スターバックス JR奈良駅旧駅舎店（歷史建築）,奈良,咖啡連鎖（PLANT BASED 植物性品項）,JR奈良駅 旧駅舎（総合観光案内所内）・奈良市,奈良市三条本町1082 JR奈良駅旧駅舎,34.68010,135.82040,07:00-21:00,官方,飲品/輕食 約 ¥500–900／人,"https://www.google.com/maps/search/?api=1&query=34.68010,135.82040",2026-07-14
203,スターバックス 奈良公園バスターミナル店（近東大寺）,奈良,咖啡連鎖（PLANT BASED 植物性品項）,奈良公園バスターミナル 2F（近東大寺/奈良公園）・奈良市,奈良市登大路町76 奈良公園バスターミナル2F,34.68450,135.83480,07:00-20:00,官方,飲品/輕食 約 ¥500–900／人,"https://www.google.com/maps/search/?api=1&query=34.68450,135.83480",2026-07-14
204,モスバーガー 近鉄奈良（東向商店街）店,奈良,漢堡連鎖（大豆肉排・需客製）,近鉄奈良駅 徒步3分（東向商店街内）・奈良市,奈良市東向南町10-2,34.68270,135.82887,9:00-21:00,官方,約 ¥500–900／人,"https://www.google.com/maps/search/?api=1&query=34.68270,135.82887",2026-07-14
205,スターバックス 大阪城公園店（ジョーテラス大阪）,大阪,咖啡連鎖（PLANT BASED 植物性品項）,JO-TERRACE OSAKA（大阪城公園駅前）・中央區,大阪市中央区大阪城3-1 JO-TERRACE OSAKA,34.68880,135.53230,平日 07:00-22:00／六日假 08:00-22:00,官方,飲品/輕食 約 ¥500–900／人,"https://www.google.com/maps/search/?api=1&query=34.68880,135.53230",2026-07-14
206,スターバックス りんくうプレミアム・アウトレット店,大阪,咖啡連鎖（PLANT BASED 植物性品項）,りんくうプレミアム・アウトレット（りんくうタウン駅・近關西機場）・泉佐野市,大阪府泉佐野市りんくう往来南3-28 りんくうプレミアム・アウトレット,34.41180,135.29650,約 10:00-20:00（依アウトレット）,官方,飲品/輕食 約 ¥500–900／人,"https://www.google.com/maps/search/?api=1&query=34.41180,135.29650",2026-07-14
207,CoCo壱番屋 JR天王寺駅北口店（可點ベジカレー）,大阪,咖哩連鎖（蔬食咖哩・需客製）,JR天王寺駅 北口すぐ・天王寺區,大阪市天王寺区悲田院町8-26,34.64700,135.51400,11:00-23:00（LO）,Tabelog／官方,"ベジカレー 約 ¥600–1,000／人","https://www.google.com/maps/search/?api=1&query=34.64700,135.51400",2026-07-14
208,SUBWAY サブウェイ 天王寺ミオ店,大阪,三明治連鎖（蔬菜三明治・需客製）,天王寺ミオ プラザ館 M2F（JR/近鉄/Metro天王寺駅直結）・天王寺區,大阪市天王寺区悲田院町10-48 天王寺ミオ プラザ館M2F,34.64731,135.51390,約 10:00-22:00（依ミオ）,官方,サンド 約 ¥500–900／人,"https://www.google.com/maps/search/?api=1&query=34.64731,135.51390",2026-07-14
209,モスバーガー あべのキューズモール店,大阪,漢堡連鎖（大豆肉排・需客製）,あべのキューズモール 3F（大阪阿部野橋/天王寺駅 徒步3分）・阿倍野區,大阪市阿倍野区阿倍野筋1-6-1 あべのキューズモール3F,34.64480,135.51360,10:00-22:00,官方,約 ¥500–900／人,"https://www.google.com/maps/search/?api=1&query=34.64480,135.51360",2026-07-14
210,新世界かすうどん恵美須屋 本店（有素食/vegan 菜單）,大阪,うどん・和食（葷店・有蔬食/vegan 菜單）｜蔬食友善,新世界・恵美須町（恵美須町駅3番出口すぐ・近通天閣）・浪速區,大阪市浪速区恵美須東1-22-1,34.65409,135.50554,平日 9:00-15:30 / 17:30-22:30；週末假日 9:00-22:30；週二・週三公休(遇假日營業),HappyCow（Veg-options）,"vegan/野菜うどん 約 ¥1,000–1,400／人","https://www.google.com/maps/search/?api=1&query=34.65409,135.50554",2026-07-19
211,新世界かすうどん恵美須屋 2号店（ジャンジャン横丁・vegan 菜單）,大阪,うどん・和食（葷店・有 vegan 菜單）｜蔬食友善,新世界・ジャンジャン横丁内（近通天閣/動物園前）・浪速區,大阪市浪速区恵美須東3-4-3,34.65053,135.50625,平日・週六 9:00-22:30；週日 9:00-21:00；週一公休,HappyCow（Veg-options）／abillion,"vegan 拉麵/烏龍 ¥1,380／副菜 ¥440–780","https://www.google.com/maps/search/?api=1&query=34.65053,135.50625",2026-07-19
212,ヴィーガン食堂 アジュ Aju（中崎町）,大阪,大豆肉日本料理｜全素 Vegan,中崎町・北區（梅田徒步圈）,大阪市北区中崎1-10-14,34.70641,135.50663,午 11:30-13:30／晚 17:30-21:30；週一公休(午餐週二也休),HappyCow 4.5（57 則）,"約 ¥1,500-2,500／人","https://www.google.com/maps/search/?api=1&query=34.70641,135.50663",2026-07-23
213,御座候 Gozasoro（JR大阪站 1F・純素今川燒）,大阪,純素今川燒/回転焼｜全素 Vegan,梅田・JR大阪站 1F（另有關西各百貨櫃點）,大阪市北区梅田3-1-1 JR大阪駅1F,34.70241,135.49704,每日 10:00-22:00,HappyCow（vegan bakery）,今川燒 ¥95-110／個,"https://www.google.com/maps/search/?api=1&query=34.70241,135.49704",2026-07-23
214,ORIBIO Cafe Dining（全素・無五葷・近萬博公園）,大阪,菜食創作料理｜全素・無五葷・無酒,吹田市青葉丘北（大阪單軌 宇野辺駅・近萬博紀念公園/EXPOCITY）,大阪府吹田市青葉丘北,34.80700,135.53400,平日 12:00-21:00(食物LO14/18-LO20)；六日祝 11:00-22:00；不定休(看官網日曆),Tabelog（菜食創作）,"約 ¥1,500-2,500／人","https://www.google.com/maps/search/?api=1&query=34.80700,135.53400",2026-07-23
215,めぐりめし 恵 Megumi（全素・完全予約制）,大阪,玄米菜食・マクロビ｜全素(完全予約制),南森町・扇町・大阪天満宮・北區,大阪市北区（南森町站3/5番・扇町站5番出口徒步5分）,34.69660,135.51100,週一~六 11:30-14:00 / 17:00-22:00；完全預約制,—（FB/VegeMap 核實）,"約 ¥2,000-3,000／人(預約)","https://www.google.com/maps/search/?api=1&query=34.69660,135.51100",2026-07-23
216,bills 大阪（LUCUA 1100 7F・有素食菜單）,大阪,オーストラリア料理/早午餐（蔬食友善・有素食菜單）,梅田・LUCUA 1100 7F（JR大阪站直結）,大阪市北区梅田3-1-3 ルクア1100 7F,34.70240,135.49560,全日營業(早午茶晚・依商場),Tabelog（有 vegan 菜單）,"約 ¥1,800-2,500／人","https://www.google.com/maps/search/?api=1&query=34.70240,135.49560",2026-07-23
217,CHABUTON ちゃぶ屋（LINKS UMEDA 8F・有純素拉麵）,大阪,拉麵（葷店・有純素野菜らぁ麺）｜蔬食友善,梅田・LINKS UMEDA(ヨドバシ梅田)8F,大阪市北区大深町1-1 LINKS UMEDA 8F,34.70360,135.49590,依商場（原ヨドバシ梅田店已遷入此址、2025 營業中）,Tabelog（米其林一星）,"約 ¥1,000-1,300／人","https://www.google.com/maps/search/?api=1&query=34.70360,135.49590",2026-07-23
218,BuzzSpot（道頓堀・有 vegan burger）,大阪,漢堡・咖啡酒吧（蔬食友善・有 vegan burger）,道頓堀・難波・中央區,大阪市中央区道頓堀1丁目,34.66886,135.50650,日咖啡/夜酒吧（詳見 IG）,Vegewel/VegeMap 核實,"約 ¥1,000-2,000／人","https://www.google.com/maps/search/?api=1&query=34.66886,135.50650",2026-07-23
219,HACCHA BOOTH（無麩質米粉可麗餅）,大阪,米粉可麗餅（無麩質・含蛋奶）｜蔬食友善,堺筋本町・本町（HUB KITCHEN 美食街内）,大阪市中央区久太郎町3-1-27 ヒグチビル1F,34.68199,135.50440,平日 14:00-22:30、六 12:00-22:30；週日祝休,Tabelog（無麩質可麗餅）,"約 ¥1,000-1,900／人","https://www.google.com/maps/search/?api=1&query=34.68199,135.50440",2026-07-23
220,cafe vegan terrace（祇園・全素五葷抜き）,京都,ヴィーガンカフェ｜全素・五葷抜き,東山區（祇園・毘沙門町）,京都市東山区毘沙門町44-21,35.00350,135.77350,11:30-16:00（LO15:30）,HappyCow（vegan）,"約 ¥1,500-2,500／人","https://www.google.com/maps/search/?api=1&query=35.00350,135.77350",2026-07-14
221,Vegan Sushi Kyoto（河原町・純素握壽司）,京都,ヴィーガン寿司｜全素,中京區（河原町/木屋町）,京都市中京区下樵木町 東木屋町ビル5F（河原町站1A出口徒步3分）,35.00440,135.77020,多為 11:30-15:00(以 IG 公告為準)；週一・二公休,HappyCow（vegan）,"午套餐 約 ¥3,000+／人","https://www.google.com/maps/search/?api=1&query=35.00440,135.77020",2026-07-14
222,Lapis ヴィーガン寿司／Da Maeda（北野白梅町・予約制）,京都,ヴィーガン寿司懐石（予約制）｜全素,上京區（北野白梅町・嵐電1分）,京都市上京区（北野白梅町 オーガニックイタリアン ダ・マエダ内）,35.02539,135.74228,Lapis 週一二六日 12:00-14:30 / 17:30-21:30；週三四休；完全予約制(需3天前),Tabelog 3.15（Da Maeda）,"懷石較高／Da Maeda ¥2,000-3,999","https://www.google.com/maps/search/?api=1&query=35.02539,135.74228",2026-07-14
223,いただき膳 Itadakizen（西陣・全素和食）,京都,古民家和食｜全素 Vegan,上京區（西陣・七本松/仁和寺街道）,京都市上京区仁和寺街道七本松西入二番町199,35.02396,135.73880,需查官網/預約,Tabelog（評分過少）,"午 約 ¥1,500-2,500／人","https://www.google.com/maps/search/?api=1&query=35.02396,135.73880",2026-07-14
224,ヴィーガン居酒屋 真さか（四条大宮・全素）,京都,ヴィーガン居酒屋｜全素,下京區（四条大宮・岩上通）,京都市下京区岩上通高辻下る吉文字町446-1,34.99990,135.75117,12:00-15:00(LO14) / 17:00-22:00(LO21)；週二休,Tabelog 3.02,"約 ¥2,000-4,000／人","https://www.google.com/maps/search/?api=1&query=34.99990,135.75117",2026-07-14
225,自然食 Hale 晴（錦市場・湯葉丼）,京都,自然食・湯葉料理（蛋奶素・高湯需確認柴魚）｜蔬食友善,中京區（錦市場）,京都市中京区錦小路通麩屋町西入北側東魚屋町,35.00505,135.76534,午 11:30-15:00 / 晚 18:00-22:00(售完打烊)；週一+不定休,Tabelog 3.24,"約 ¥1,000-2,000／人","https://www.google.com/maps/search/?api=1&query=35.00505,135.76534",2026-07-14
226,精進カフェ和香（四条・大善院内・無柴魚無五葷）,京都,精進カフェ｜100%蔬食・無柴魚無五葷,下京區（四条高倉/阪急烏丸5分・大善院内）,京都市下京区新開町397-9 大善院内,35.00070,135.76250,週三~六 11:00-17:00(LO16:30)；週日~二休,HappyCow（vegetarian）,"約 ¥1,200-1,800／人","https://www.google.com/maps/search/?api=1&query=35.00070,135.76250",2026-07-14
227,精進料理 雍州路 Yoshuji（鞍馬寺旁）,京都,精進料理｜全素・無柴魚無五葷,左京區（鞍馬寺山門旁）,京都市左京区鞍馬本町,35.11413,135.77315,10:00-18:00；週二休,Tabelog 3.40,"精進膳 ¥2,750／蕎麦 ¥1,100","https://www.google.com/maps/search/?api=1&query=35.11413,135.77315",2026-07-14
228,Natural Food Village（一乗寺・老牌全素）,京都,有機蔬食カフェ｜全素 Vegan,左京區（一乗寺）,京都市左京区一乗寺築田町95 第一第二メゾン白川202,35.03943,135.79152,午餐為主；週一休（詳細時段建議電話）,Tabelog 3.09,"約 ¥1,000-1,800／人","https://www.google.com/maps/search/?api=1&query=35.03943,135.79152",2026-07-14
229,喫茶ホーボー堂（岡崎・全素便當・僅週五六日）,京都,ヴィーガン便當/喫茶｜全素(僅週五六日),左京區（東大路・岡崎周邊）,京都市左京区東大路西入正往寺町452,35.01194,135.77669,僅週五六日 10:00-17:30（用餐11:00起）,Tabelog 3.22,"約 ¥1,200-1,800／人","https://www.google.com/maps/search/?api=1&query=35.01194,135.77669",2026-07-14
230,(THISIS)NATURE（京都髙島屋T8・純植 gelato）,京都,ヴィーガンジェラート/甜點｜全素,下京區（四条河原町・京都髙島屋 S.C.[T8] 1F）,京都市下京区四条通寺町東入御旅町35 京都髙島屋S.C.[T8]1F,35.00353,135.76826,10:00-20:00（LO19:30）,Tabelog 3.36,"冰淇淋 約 ¥600-1,200／人","https://www.google.com/maps/search/?api=1&query=35.00353,135.76826",2026-07-14
231,Boulangerie L’Oiseau Bleu（上賀茂・全素GF麵包・僅週六日）,京都,ヴィーガン麵包(無麩質)｜全素(僅週六日),北區（上賀茂神社徒步5分）,京都市北区大宮田尻町53 大央ビル101,35.05705,135.74927,僅週六日 11:00-17:00(售完為止；月營業日看 IG),Tabelog 3.11,麵包 約 ¥400-800／個,"https://www.google.com/maps/search/?api=1&query=35.05705,135.74927",2026-07-14
232,Asian chample foods goya（浄土寺・有 vegan 套餐）,京都,沖繩・アジア創作（葷店・有 vegan 套餐）｜蔬食友善,左京區（浄土寺・元田中站徒步17分）,京都市左京区浄土寺西田町114-6,35.02854,135.78776,11:30-15:00 / 17:00-23:00；週三休,Tabelog 3.28,"素套餐 約 ¥3,000起／人","https://www.google.com/maps/search/?api=1&query=35.02854,135.78776",2026-07-14
233,Cafe Phalam カフェパラン（二条・vegan plate）,京都,カフェ（葷店・有 vegan plate）｜蔬食友善,中京區（JR二条站前）,京都市中京区西ノ京北聖町24 新二条ビル1F,35.01162,135.74279,平日 9:00-20:00、週末假 9:00-19:00；不定休,Tabelog 3.42,"約 ¥1,000-2,000／人","https://www.google.com/maps/search/?api=1&query=35.01162,135.74279",2026-07-14
234,Koe Donuts（新京極・有 plant based 甜甜圈）,京都,ドーナツ（有 plant based 品項）｜蔬食友善,中京區（新京極通四条上ル・阪急京都河原町1分）,京都市中京区新京極通四条上ル中之町557,35.00425,135.76729,8:00-20:00；不定休,Tabelog 3.66,甜甜圈 約 ¥250-450／個,"https://www.google.com/maps/search/?api=1&query=35.00425,135.76729",2026-07-14
235,Que Pasa ケパサ（荒神口・素墨西哥捲）,京都,メキシカン・ブリトー（有豆素選項）｜蔬食友善,上京區（荒神口・河原町通）,京都市上京区上生洲町 河原町通荒神口下る241,35.01987,135.76960,11:30-14:30 / 17:30-21:30,Tabelog 3.28,"約 ¥1,000-1,500／人","https://www.google.com/maps/search/?api=1&query=35.01987,135.76960",2026-07-14
236,玄米庵 Genmai-an（法隆寺・全素精進）,奈良,全素精進料理｜全素 Vegan,生駒郡斑鳩町（法隆寺東・世界遺產法隆寺旁）,奈良県生駒郡斑鳩町法隆寺東1-3-24,34.61452,135.74331,晚餐需預約、午餐建議預約（隨季節換菜）,HappyCow 5.0（3 則）,全素精進膳(預約) 較高,"https://www.google.com/maps/search/?api=1&query=34.61452,135.74331",2026-07-14
237,Hitotomori ヒトトモリ（ならまち・全素咖啡）,奈良,ヴィーガンカフェ｜全素 Vegan,奈良市福智院町（ならまち/JR奈良）,奈良市福智院町1-3,34.67735,135.83503,全素甜點/飲品(薑足浴)；午餐僅週五・週六,HappyCow 4.5（6 則）,"約 ¥1,000-1,800／人","https://www.google.com/maps/search/?api=1&query=34.67735,135.83503",2026-07-14
238,中谷堂 Nakatanidou（高速搗麻糬・全素蓬艾餅）,奈良,蓬艾紅豆麻糬（全素）｜和菓子,奈良市橋本町（三条通/東向商店街口・觀光核心）,奈良市橋本町29,34.68194,135.82893,需查(現搗、多為白天),HappyCow 4.5（57 則）,よもぎ餅 ¥150／個,"https://www.google.com/maps/search/?api=1&query=34.68194,135.82893",2026-07-14
239,弁財天 Ben Zai Ten（全素薄皮大福）,奈良,ヴィーガン大福/和菓子｜全素 Vegan,JR奈良・三条通,奈良市三条通（JR奈良 三条店）,34.68180,135.82622,需查,HappyCow 5.0（49 則）,大福 ¥250-400／個,"https://www.google.com/maps/search/?api=1&query=34.68180,135.82622",2026-07-14
240,鶴の茶屋 Tsuru no Chaya（奈良公園・全素霜淇淋）,奈良,全素霜淇淋/茶屋｜全素 Vegan(霜淇淋),奈良公園內・春日野町,奈良市春日野町160,34.68244,135.83971,需查(常比公告晚開),HappyCow 3.5（27 則）,霜淇淋 約 ¥400-600,"https://www.google.com/maps/search/?api=1&query=34.68244,135.83971",2026-07-14
241,MATCHA NARA 抹茶ラテ専門店（燕麥奶抹茶）,奈良,抹茶拿鐵専門（燕麥奶全素・外帶）｜蔬食友善,奈良市鵲町（近奈良公園/猿澤池）,奈良市鵲町30,34.67838,135.83190,需查,HappyCow／abillion,抹茶拿鐵 約 ¥600-800,"https://www.google.com/maps/search/?api=1&query=34.67838,135.83190",2026-07-14
242,Flowerish フラウリッシュ（富雄・全素）,奈良,全素マクロビ料理｜全素 Vegan,奈良市西部・鳥見町（近学園前/富雄）,奈良市鳥見町1-9-8,34.69065,135.72983,午間套餐；14:00 後只供飲品甜點,HappyCow 4.5（3 則）,"午套餐 約 ¥1,500-2,500","https://www.google.com/maps/search/?api=1&query=34.69065,135.72983",2026-07-14
243,かまめし 志津香 公園店（有全素釜飯）,奈良,釜飯（葷店・有全素釜飯）｜蔬食友善,奈良市登大路町（近奈良公園/興福寺）,奈良市登大路町59-11,34.68431,135.83694,需查(名店常排隊),HappyCow（veg options）,"全素釜飯 約 ¥1,500-2,200","https://www.google.com/maps/search/?api=1&query=34.68431,135.83694",2026-07-14
244,若草カレー Wakakusa Curry（蔬食咖哩）,奈良,蔬食咖哩（蔬食友善・偏辣）｜蔬食友善,奈良市もちいどの町（商店街）,奈良市もちいどの町38-1,34.68078,135.82892,LO 19:30,HappyCow 4.0（36 則）,"咖哩 約 ¥900-1,400","https://www.google.com/maps/search/?api=1&query=34.68078,135.82892",2026-07-14
245,Ponte Rosso ポンテロッソ（全素印度咖哩）,奈良,印度咖哩（有全素・無 ghee）｜蔬食友善,奈良市小西町（近近鉄奈良）,奈良市小西町2,34.68304,135.82808,需查,HappyCow 4.0（18 則）,"咖哩套餐 約 ¥1,000-1,800","https://www.google.com/maps/search/?api=1&query=34.68304,135.82808",2026-07-14
246,鶏そば座銀 近鉄奈良（機台有 vegan 鍵・全素蕎麥）,奈良,蕎麥/拉麵（葷店・機台有全素湯底鍵）｜蔬食友善,奈良市小西町（近近鉄奈良）,奈良市小西町15 中山ビル1F,34.68344,135.82769,需查,HappyCow 4.0（4 則）,"蕎麥 約 ¥900-1,300","https://www.google.com/maps/search/?api=1&query=34.68344,135.82769",2026-07-14
247,梁山泊 Ryozanpaku（全素懷石・預約）,奈良,會席料理（全素懷石・需預約）｜蔬食友善,奈良市西城戸町（近ならまち）,奈良市西城戸町14-1,34.67958,135.82555,需預約(多道全素懷石),HappyCow 4.0（1 則）,全素懷石(預約) 較高,"https://www.google.com/maps/search/?api=1&query=34.67958,135.82555",2026-07-14
248,するがまち お好み焼き（vegan 蔥燒）,奈良,お好み焼き（有標示 vegan 蔥燒）｜蔬食友善,奈良市三条町（近 JR奈良）,奈良市三条町606-8 田中ビル1F,34.67966,135.82078,需查,HappyCow 3.5（7 則）,"約 ¥1,000-1,800","https://www.google.com/maps/search/?api=1&query=34.67966,135.82078",2026-07-14
249,あぜくらや Azekuraya（東大寺旁・可無柴魚）,奈良,茶屋/和食（蔬食友善・可指定無柴魚）｜蔬食友善,奈良市雑司町（東大寺旁）,奈良市雑司町407,34.68833,135.84302,需查,HappyCow 3.5（10 則）,"約 ¥800-1,500＋甜點","https://www.google.com/maps/search/?api=1&query=34.68833,135.84302",2026-07-14
250,Ban Inoue 東大寺門前店（大豆肉料理）,奈良,創作料理（蔬食友善・大豆肉）｜蔬食友善,奈良市春日野町（東大寺門前・夢風ひろば）,奈良市春日野町16,34.68463,135.83890,需查,HappyCow 4.0（5 則）,"約 ¥1,200-2,000","https://www.google.com/maps/search/?api=1&query=34.68463,135.83890",2026-07-14
251,きのうた薬局 Kinouta（JR奈良・自然食超市/素食專區）,奈良,自然食超市/藥局（素食・vegan 專區）｜蔬食友善,奈良市油阪地方町（JR奈良站前）,奈良市油阪地方町8-1,34.68221,135.82098,需查,HappyCow 4.0（6 則）,超市採買,"https://www.google.com/maps/search/?api=1&query=34.68221,135.82098",2026-07-14
252,一穂二穂 Ichiho Niho（全素飯糰）,奈良,おにぎり（全素飯糰）｜蔬食友善,奈良市下御門町（ならまち）,奈良市下御門町4 eリュエル,34.67865,135.82885,需查,HappyCow 4.0（2 則）,飯糰 ¥200-400／個,"https://www.google.com/maps/search/?api=1&query=34.67865,135.82885",2026-07-14
253,浮島ガーデン Ukishima Garden（純素琉球）,沖繩,琉球創作蔬食｜全素 Vegan,那覇・松尾（浮島通り・国際通り旁）,沖縄県那覇市松尾2-12-3,26.21530,127.68410,週五〜週日 11:00-18:00 供餐；平日僅商店不供餐（出發前務必電話/官網再確認）,HappyCow 4.5（60 則）,"午間套餐約 ¥2,800–3,800","https://www.google.com/maps/search/?api=1&query=26.21530,127.68410",2026-07-27
254,自然派食堂タマテバコ（純素沖繩そば）,沖繩,亞洲無國籍蔬食｜全素 Vegan,那覇・牧志（龍宮通り・牧志駅）,沖縄県那覇市牧志3-13-61,26.21440,127.69130,一二・五〜日 17:00-23:00；週三・四公休（晚間為主，建議預約）,HappyCow 5.0（74 則）,"單品 ¥1,100–1,460／人均約 ¥3,000","https://www.google.com/maps/search/?api=1&query=26.21440,127.69130",2026-07-27
255,LaLa Zorba ララゾルバ（純素無國籍）,沖繩,無國籍蔬食（西藏/越/印/義）｜純素 Vegan,那覇・松尾（国際通り徒步1分）,沖縄県那覇市松尾2-2-32 2F,26.21690,127.68620,週二〜週六 17:30-22:00；週日・一公休（晚餐預約制）,HappyCow 4.5（65 則）,中〜高價位（course 為主）,"https://www.google.com/maps/search/?api=1&query=26.21690,127.68620",2026-07-27
256,自然食とおやつ mana マナ（純素甜點）,沖繩,日式自然食蔬食＋甜點｜純素 Vegan,那覇・壺屋（やちむん通り近・牧志駅徒步10分）,沖縄県那覇市壺屋1-6-9,26.21460,127.69210,午餐 11:00-15:00／咖啡 -17:00；公休以店家 IG 為準,HappyCow 5.0（44 則）,"午間套餐約 ¥1,600","https://www.google.com/maps/search/?api=1&query=26.21460,127.69210",2026-07-27
257,南インド料理 マリアラム Malayalam（純素）,沖繩,南印度喀拉拉 thali 定食｜全素 Vegan・無麩質,那覇・松尾（国際通り南側・桜坂近）,沖縄県那覇市松尾2-19-39 グリーンハイツ那覇 1F,26.21290,127.68470,一二・五〜日 10:00-16:00；週三・四公休（一人經營、尖峰需等）,HappyCow 5.0（11 則）,"午間定食約 ¥1,840","https://www.google.com/maps/search/?api=1&query=26.21290,127.68470",2026-07-27
258,金壷食堂（台式素食自助）,沖繩,台灣精進素食自助定食｜素食（幾乎全素、僅一道含蛋）,那覇・壺屋,沖縄県那覇市壺屋1-7-9,26.21450,127.69230,一〜三・五〜日 08:00-13:30；週四公休；週日僅外帶,HappyCow 4.5（31 則）,自助 ¥600,"https://www.google.com/maps/search/?api=1&query=26.21450,127.69230",2026-07-27
259,パーラー熱風アジア（沖繩果昔）,沖繩,沖繩果昔 parlor・輕食（蔬食友善）,那覇・壺屋（やちむん通り）,沖縄県那覇市壺屋1-18-35,26.21350,127.69350,約 10:00-18:00；週三公休,HappyCow 4.5（16 則）,"輕食約 ¥1,000","https://www.google.com/maps/search/?api=1&query=26.21350,127.69350",2026-07-27
260,saborami さぼらみ（vegan 拉麵咖啡）,沖繩,浮島通り咖啡（蔬食友善・店內另有魚料理）,那覇・松尾（浮島通り）,沖縄県那覇市松尾2-11-23,26.21470,127.68450,12:00-20:00；週四・週日公休（另月2回不定休）,部落格/vegewel 推薦（2025-02 報導）,"午餐約 ¥1,000–1,500","https://www.google.com/maps/search/?api=1&query=26.21470,127.68450",2026-07-27
261,cafe Lotta カフェロッタ（首里 vegan）,沖繩,首里住宅區蔬食咖啡｜純素 Vegan（甜點全素）,那覇・首里（首里駅徒步3分）,沖縄県那覇市首里鳥堀町1-45 2F,26.21690,127.71850,12:00-16:00(L.O.15:30)；週六・日・一公休,Tabelog 有頁（部落格推薦）,"午餐約 ¥1,000 起","https://www.google.com/maps/search/?api=1&query=26.21690,127.71850",2026-07-27
262,玄米カフェ 実身美 sangmi 那覇店,沖繩,糙米酵素健康食堂（蔬食友善・需指定素食餐）,那覇・久茂地（美栄橋駅）,沖縄県那覇市久茂地（美栄橋駅附近，番地出發前確認）,26.21650,127.68050,一三五 11:30-17:00／二四六 -21:00；週日公休,Tabelog 現存頁,"午餐約 ¥1,000","https://www.google.com/maps/search/?api=1&query=26.21650,127.68050",2026-07-27
263,樂園CAFÉ（リウボウ百貨 2F）,沖繩,百貨蔬食咖啡（蔬食友善・vegan 菜單）,那覇・久茂地（県庁前駅徒步2分・リウボウ2F）,沖縄県那覇市久茂地1-1-1 デパートリウボウ 2F,26.21400,127.67960,08:00-20:00（早餐/午餐/傍晚轉酒吧）,官網有專頁（部落格推薦）,"午餐約 ¥1,200–1,800","https://www.google.com/maps/search/?api=1&query=26.21400,127.67960",2026-07-27
264,Vita Smoothies ビタスムージーズ,沖繩,果昔・輕食咖啡（蔬食友善）,那覇・牧志（美栄橋駅徒步1分・国際通り近）,沖縄県那覇市牧志2-17-17 まきしビル1F,26.21660,127.68600,10:30-20:00(L.O.19:30)；週二公休,ぐるなび/Retty 現存頁,果昔 ¥500 起,"https://www.google.com/maps/search/?api=1&query=26.21660,127.68600",2026-07-27
265,琉球料理 くにんだ Kuninda（需預約客製）,沖繩,琉球宮廷/傳統料理（葷店・需預約素食客製）,那覇・松尾（国際通り・県庁前駅徒步6分）,沖縄県那覇市松尾1-2-7 真喜屋ビル1F,26.21380,127.68050,11:00-15:00／17:00-22:00；週三・週日公休,一休/Tabelog 現存頁,"午約 ¥1,500／晚 course 約 ¥3,500","https://www.google.com/maps/search/?api=1&query=26.21380,127.68050",2026-07-27
266,どんぶり南都家（那覇機場・有vegan品項）,沖繩,機場丼飯/定食（蔬食友善・有 vegan 品項）,那覇機場・國內線航廈美食街,沖縄県那覇市字鏡水 那覇空港 国内線ターミナル,26.20860,127.64600,每日 09:00-20:00,HappyCow 4.0（23 則）,"約 ¥770–1,000+","https://www.google.com/maps/search/?api=1&query=26.20860,127.64600",2026-07-27
267,GAJIMARU がじまる（純植物・藍洞旁）,沖繩,植物肉漢堡/拉麵/擔擔麵/生蛋糕｜全素 Vegan,恩納村・前田（近青の洞窟 藍洞）,沖縄県国頭郡恩納村前田330-1,26.43928,127.77095,餐廳約12:00-22:00(15-17時休)／咖啡站8:00-17:00；週三公休,HappyCow 5.0（48 則）,"約 ¥1,000–2,000","https://www.google.com/maps/search/?api=1&query=26.43928,127.77095",2026-07-27
268,Vegan cafe niceness ナイスネス（名護）,沖繩,尼泊爾風 daal bhat・無麩質麵包｜純素 Vegan,名護市・宇茂佐（美ら海往名護途中）,沖縄県名護市字宇茂佐1635-1,26.60276,127.96935,週四〜週日 11:00-15:00；週一〜三公休（建議去前致電）,HappyCow 4.5（18 則）／Tabelog 3.12,"約 ¥1,000–1,999","https://www.google.com/maps/search/?api=1&query=26.60276,127.96935",2026-07-27
269,Elly’s cafe エリーズ（近萬座毛）,沖繩,健康沖繩食材咖啡（蔬食友善・需指定/致電確認）,恩納村・瀬良垣（近萬座毛）,沖縄県国頭郡恩納村瀬良垣32,26.50330,127.86560,11:00-15:00(L.O.14:30)；週三公休,Tripadvisor 4.8／Tabelog 3.04,"約 ¥1,000–1,999","https://www.google.com/maps/search/?api=1&query=26.50330,127.86560",2026-07-27
270,六屯 ROTTON（北谷・純素早午餐）,沖繩,純素咖啡輕食・外人住宅早午餐｜全素 Vegan,北谷町・浜川,沖縄県中頭郡北谷町浜川183,26.32900,127.75034,8:00-14:00；週三・週四公休,Tabelog 3.24（22 則）,"¥1,000–1,999","https://www.google.com/maps/search/?api=1&query=26.32900,127.75034",2026-07-27
271,Cafe Halcyon（北谷・純素可麗餅）,沖繩,純素可麗餅・三明治・冰沙｜全素 Vegan,北谷町・港（砂辺 Sunabe 海堤對面）,沖縄県中頭郡北谷町港15-64 1F,26.32092,127.74963,9:00-15:00；週二公休（公休以 IG 為準）,HappyCow 5.0（34 則）,"約 ¥800–1,500","https://www.google.com/maps/search/?api=1&query=26.32092,127.74963",2026-07-27
272,Vegeful Lunch Cafe（北谷・純素buffet）,沖繩,純素蔬食吃到飽｜全素 Vegan,北谷町・吉原,沖縄県中頭郡北谷町吉原858-5 クーパーハウス2F,26.31888,127.77379,午餐 11:00-15:00／晚餐 18:00-21:30(完全預約制)；週三・四公休,食べログ/LINE 約 4.5,"自助約 ¥1,200","https://www.google.com/maps/search/?api=1&query=26.31888,127.77379",2026-07-27
273,Esparza’s Tacos & Coffee（美國村）,沖繩,德州墨西哥塔可（蔬食友善・葷店需指定vegan）,北谷町・美浜（美國村 American Village）,沖縄県中頭郡北谷町美浜3-1-10,26.32138,127.75801,週一〜五 11:00-21:00；週六日 12:00-21:00,HappyCow 3.5（39 則）,"¥1,000–2,000","https://www.google.com/maps/search/?api=1&query=26.32138,127.75801",2026-07-27
274,星のたね（北中城・純素自然食）,沖繩,純素自然食・在地有機蔬菜｜全素 Vegan,北中城村・島袋,沖縄県中頭郡北中城村島袋1335 Casa del Sol 1F,26.32135,127.80648,11:30-15:30(L.O.15:00)；不定休,Tabelog 3.05（6 則）,"¥1,500–2,000","https://www.google.com/maps/search/?api=1&query=26.32135,127.80648",2026-07-27
275,Ploughman’s Lunch Bakery（眺海麵包）,沖繩,山丘麵包咖啡（蔬食友善・葷素併存需指定）,北中城村・安谷屋,沖縄県中頭郡北中城村安谷屋927-2,26.29388,127.79244,9:00-16:00；週日公休,旅遊媒體高評價（人氣旺）,"¥1,000–2,000","https://www.google.com/maps/search/?api=1&query=26.29388,127.79244",2026-07-27
276,Rainbow Terrace 沖繩（海景露台）,沖繩,景觀露台咖啡餐廳（蔬食友善・需事前告知客製）,北中城村・喜舎場（あやかりの杜 2F）,沖縄県中頭郡北中城村字喜舎場1214 あやかりの杜 2F,26.30670,127.79025,二〜日/假日 11:30-15:30、17:30-22:00；週一(及每月第1週三)公休,Tabelog 3.08（18 則）,"¥1,000–2,999","https://www.google.com/maps/search/?api=1&query=26.30670,127.79025",2026-07-27
277,パン屋 水円 SUIEN（讀谷・純素麵包）,沖繩,天然酵母純素麵包坊＋咖啡輕食｜全素(無蛋奶),読谷村・座喜味（近世界遺產座喜味城）,沖縄県中頭郡読谷村字座喜味367,26.40483,127.74198,週四〜週日 10:30-17:00(售完為止)；週一〜三公休,Tabelog 3.42（135 則）,"¥1,000–1,999","https://www.google.com/maps/search/?api=1&query=26.40483,127.74198",2026-07-27
278,We Are Vegan／自然いぬ（讀谷）,沖繩,純素午餐＋無麩質甜點｜全素 Vegan,読谷村・古堅,沖縄県中頭郡読谷村古堅183,26.36899,127.75040,午餐 11:30-15:00、咖啡 -17:00；營業日各來源略異，務必先 IG 訂位,HappyCow 4.5（8 則）,中價位,"https://www.google.com/maps/search/?api=1&query=26.36899,127.75040",2026-07-27
279,dechibica デチビカ（讀谷・純素咖哩）,沖繩,純素咖哩盤・vegan 冰淇淋/肉桂捲｜全素 Vegan,読谷村・古堅（本店在讀谷）,沖縄県中頭郡読谷村古堅648-1-101,26.38460,127.74360,約11:00-15/16:00(各來源不一、Tabelog 記週六日休；去前致電),Tabelog 3.08（24 則）,"¥1,000 級距","https://www.google.com/maps/search/?api=1&query=26.38460,127.74360",2026-07-27
280,みやび茶屋仲元（沖縄市・純素和菓子）,沖繩,純素和菓子・古民家茶屋｜全素(甜點),沖縄市・諸見里（Rycom／永旺琉球附近）,沖縄県沖縄市諸見里3-22-15,26.32586,127.79239,週三〜週六 11:00-18:00；週一二日公休,Tabelog 3.11（22 則）,約 ¥999 以下,"https://www.google.com/maps/search/?api=1&query=26.32586,127.79239",2026-07-27
281,命薬 のあの土（伊計島・島野菜便當）,沖繩,古民家有機餐廳＋民宿（蔬食友善・需訂位確認無魚）,うるま市・伊計島（過跨海大橋）,沖縄県うるま市与那城伊計130,26.38587,127.99489,週日・一(部分含週六)及假日 10:00/11:00-16:00(LO15:30),Tabelog 3.10（7 則）,"午間套餐約 ¥2,000","https://www.google.com/maps/search/?api=1&query=26.38587,127.99489",2026-07-27
282,Cafe やぶさち（南城・海景蔬食）,沖繩,海景景觀咖啡・義式無麩質蔬食（蔬食友善・葷店需指定vegan線）,南城市・玉城百名（Hyakuna 海岸）,沖縄県南城市玉城百名646-1,26.14180,127.79553,Morning 9:00-10:30／Lunch 11:00-14:30／Tea -17:00；週三公休(假日營業),Tripadvisor 約4／Tabelog 有頁,"¥1,500–2,500","https://www.google.com/maps/search/?api=1&query=26.14180,127.79553",2026-07-27
283,パーラー ド ジュジュモ（豊見城）,沖繩,自然食薬膳・酵素玄米咖哩(蔬食友善・咖哩純素),豊見城市・与根（近 Ashibinaa outlet）,沖縄県豊見城市与根490-3,26.16384,127.66048,週一〜五 08:00-13:00；週六日公休(早午餐店，收攤早),Tabelog 3.04（7 則）,"¥800–1,200","https://www.google.com/maps/search/?api=1&query=26.16384,127.66048",2026-07-27
284,Detox cafe felicidad（糸満・純素GF）,沖繩,無麩質&純素咖啡（午餐全vegan・供餐不定需致電）,糸満市（近ファーマーズマーケットいとまん）,沖縄県糸満市西川町35-10,26.13576,127.66885,週二〜週六 約11:00-16/17:00；週日一公休(時段不穩),HappyCow 近期評論／Tabelog 3.08,"¥1,200–1,800","https://www.google.com/maps/search/?api=1&query=26.13576,127.66885",2026-07-27
285,山の茶屋 楽水（南城・崖上素食茶屋）,沖繩,森林崖上素食茶屋・酵素玄米定食(蔬食友善・湯底需確認柴魚),南城市・玉城（さちばるの庭）,沖縄県南城市玉城玉城19-1,26.13455,127.78362,11:00-16:00(L.O.15:00)；週三・四公休,Tabelog 3.38（141 則）,"¥1,300–2,000","https://www.google.com/maps/search/?api=1&query=26.13455,127.78362",2026-07-27
286,浜辺の茶屋（南城・海邊咖啡）,沖繩,海邊咖啡輕食(蔬食友善・選蔬菜/起司/蛋三明治),南城市・玉城（海邊，山の茶屋 姊妹店）,沖縄県南城市玉城玉城2-1,26.13520,127.78680,週一〜五 8:00-18:00；週六日/假日 8:00-19:00；全年無休,Tabelog 3.51（575 則）,"¥1,000–1,800","https://www.google.com/maps/search/?api=1&query=26.13520,127.78680",2026-07-27
287,COKOFU ココフ（浦添港川・純素甜點）,沖繩,植物系甜點(刨冰/可麗餅/生麩/思慕昔)｜全素 Vegan,浦添市・港川外人住宅街 Minatogawa,沖縄県浦添市港川2-12-7 港川外人住宅50号,26.25570,127.71270,二/五 10:30-18:00；三/四/六及假日 10:30-18:30；週一・週日公休,Retty/Ekiten 正評（港川指南收錄）,"¥600–1,200","https://www.google.com/maps/search/?api=1&query=26.25570,127.71270",2026-07-27
288,Modernark モダナーク（元町蔬食）,神戶,綠意老宅蔬食咖啡（蔬食友善）,神戶・元町（トアロード）,兵庫県神戸市中央区北長狭通3-11-15 神戸通商ビル1F,34.69075,135.18930,一〜四日 11:30-19:00(L.O.18:00)／五六假前 -20:00；基本無休,Tabelog 3.47（247 則）,"午 ¥1,000–1,999","https://www.google.com/maps/search/?api=1&query=34.69075,135.18930",2026-07-27
289,Vegan Cafe Thallo タロ（純素GF）,神戶,純素定食・無麩甜點｜全素 Vegan,神戶・元町（北長狭通）,兵庫県神戸市中央区北長狭通4-7-12 オーシャンズコート1F,34.69010,135.18730,約11:30-17:00；公休日各來源不一(週三或週一三四)，務必電話確認,Tabelog 3.08（26 則）,"午 ¥1,000–1,999","https://www.google.com/maps/search/?api=1&query=34.69010,135.18730",2026-07-27
290,greenery グリーナリー（純素果昔）,神戶,純素果昔・巴西莓碗・甜點｜全素 Vegan,神戶・乙仲通（みなと元町）,兵庫県神戸市中央区海岸通4-5-6,34.68610,135.18420,10:00-17:00；週四公休,Tabelog 3.33（71 則）,"¥1,000–1,999","https://www.google.com/maps/search/?api=1&query=34.68610,135.18420",2026-07-27
291,やさい食堂 堀江座（蔬菜咖哩）,神戶,蔬菜重ね煮咖哩・發酵定食｜全素 Vegan對應,神戶・西元町（元町通6丁目）,兵庫県神戸市中央区元町通6-3-3,34.68690,135.18150,一〜六假日 11:30-18:30 頃；週日公休,Tabelog 3.13（38 則）,"午 ¥1,000–1,999","https://www.google.com/maps/search/?api=1&query=34.68690,135.18150",2026-07-27
292,YIDAKI CAFE イダキ（旧居留地純素）,神戶,純素拼盤・自製甜點｜全素 Vegan,神戶・元町（旧居留地・大丸前側）,兵庫県神戸市中央区三宮町3-6-6 大栄ビル2F,34.68970,135.18870,11:00-20:00(L.O.19:00)；週四公休,Tabelog 3.47（約 221 則）,"午 ¥1,000–1,999","https://www.google.com/maps/search/?api=1&query=34.68970,135.18870",2026-07-27
293,ベジバーガー元町バロム（純素漢堡）,神戶,純素漢堡(外帶專門)｜全素 Vegan・無五葷,神戶・元町（三宮町3丁目）,兵庫県神戸市中央区三宮町3-5-5,34.68950,135.18860,10:00-16:00；週四公休,Tabelog 現存頁（Vegewel 收錄）,"約 ¥1,000／份","https://www.google.com/maps/search/?api=1&query=34.68950,135.18860",2026-07-27
294,THE CASTLE（三宮・純素塔可餐酒館）,神戶,夜間餐酒館(蔬食友善・需指定vegan塔可),神戶・三宮（中山手通1丁目）,兵庫県神戸市中央区中山手通1-1-9 ゴールドウッズ三宮ビル3F,34.69600,135.19260,18:30-翌2:00；週一・週日公休,Tabelog 現存頁（Vegewel 收錄）,"晚 ¥2,000–3,999","https://www.google.com/maps/search/?api=1&query=34.69600,135.19260",2026-07-27
295,Mother Moon Cafe ミント神戸店,神戶,Farm to Table 咖啡(蔬食友善・僅指定vegan拼盤),神戶・三宮（ミント神戸6F・車站直結）,兵庫県神戸市中央区雲井通7-1-1 ミント神戸6F,34.69530,135.19720,依 ミント神戸 商場約 11:00-22:00,Tabelog 3.20（本店 290 則）,"午 ¥1,000–1,999","https://www.google.com/maps/search/?api=1&query=34.69530,135.19720",2026-07-27
296,クスム KUSUM（北野印度素食）,神戶,北印度家庭料理・素咖哩吃到飽(蔬食友善・需指定素食),神戶・北野（山本通・ハンター坂）,兵庫県神戸市中央区山本通2-12-21 異人プラザ203,34.69950,135.18930,11:30-14:30、17:30-20:00；週一公休,Retty/Tabelog 正評（蔬食常客）,"午 ¥1,000 前後（吃到飽）","https://www.google.com/maps/search/?api=1&query=34.69950,135.18930",2026-07-27
297,元祖ぎょうざ苑（南京町・野菜餃子）,神戶,味噌だれ餃子老店(蔬食友善・需指定野菜餃子),神戶・南京町（中華街・栄町通）,兵庫県神戸市中央区栄町通2-8-11,34.68830,135.18680,11:45-15:00、17:00-20:30(L.O.)；週一公休(假日營業翌日補休),Tabelog 現存頁（南京町名店）,"¥1,000–1,999","https://www.google.com/maps/search/?api=1&query=34.68830,135.18680",2026-07-27
298,古民家 Cafe Slow Life（有馬近郊純素）,神戶,130年古民家玄米蔬食/マクロビ｜全素 Vegan對應,神戶・北區唐櫃（有馬溫泉近郊）,兵庫県神戸市北区有野町唐櫃521,34.77900,135.24300,11:00-16:00，僅週一・二・每月第4個週日營業,Tabelog 現存頁（Vegewel/IG 活躍）,"午 ¥1,100","https://www.google.com/maps/search/?api=1&query=34.77900,135.24300",2026-07-27
299,cafe りもねん（須磨・蔬食佛陀碗）,神戶,地產蔬食 Buddha bowl(蔬食友善・有plant-based菜單),神戶・須磨（須磨海岸・須磨浦公園近）,兵庫県神戸市須磨区須磨浦通6-6-10,34.63700,135.12100,三四五日 11:30-17:00；六 -20:00(L.O.19:00)；月火公休,Retty/ぐるなび 正評（2024 報導）,"午 ¥1,000–1,999","https://www.google.com/maps/search/?api=1&query=34.63700,135.12100",2026-07-27
300,FALAFEL BROTHERS 澀谷PARCO店,東京,以色列中東蔬食｜全素 Vegan,澀谷・宇田川町（PARCO 7F）,渋谷区宇田川町15-1 渋谷PARCO 7F,35.66216,139.69893,一〜四 11:00-21:30／五〜日 -22:00,HappyCow 4.0（140 則）,"¥1,300–1,800","https://www.google.com/maps/search/?api=1&query=35.66216,139.69893",2026-07-27
301,精進拉麵 菜 SHOJIN RAMEN,東京,純植物拉麵專門｜全素 Vegan,澀谷・宇田川町,渋谷区宇田川町11-2,35.66095,139.6982,11:30-23:30(LO23:00),Tabelog 3.09（34 則）,"午 ¥1,000–1,999／晚 ¥2,000–2,999","https://www.google.com/maps/search/?api=1&query=35.66095,139.6982",2026-07-27
302,自家製麵 MENSHO 澀谷PARCO店,東京,拉麵(蔬食友善・葷店需指定vegan擔擔/味噌),澀谷・宇田川町（PARCO B1F）,渋谷区宇田川町15-1 渋谷PARCO B1F,35.6621,139.6986,11:00-23:00(依PARCO),HappyCow 收錄,"¥1,200–1,800","https://www.google.com/maps/search/?api=1&query=35.6621,139.6986",2026-07-27
303,AFURI 阿夫利 澀谷道玄坂店,東京,拉麵(蔬食友善・需指定vegan柚子鹽),澀谷・道玄坂,渋谷区道玄坂1-19-12 ReRaiMa 1F,35.6577,139.6966,一〜四日 11:00-23:00／五六 -翌5:00,恵比寿本店 Tabelog 3.6+,"¥1,300–2,000","https://www.google.com/maps/search/?api=1&query=35.6577,139.6966",2026-07-27
304,BiOcafe ビオカフェ,東京,有機咖啡餐廳(蔬食友善・湯品需確認だし),澀谷・宇田川町,渋谷区宇田川町16-14 パティオビル1F,35.6623,139.6979,午 11:00-16:00／晚 18:00-23:00；僅元旦休,Tabelog 3.64（1352 則）,"午 ¥1,000–1,999／晚 ¥4,000–4,999","https://www.google.com/maps/search/?api=1&query=35.6623,139.6979",2026-07-27
305,Guzman y Gomez GYG 渋谷店,東京,墨西哥快餐(蔬食友善・指定去肉以豆),澀谷・神南,渋谷区神南1-11-3 第二大外ビル1F,35.6628,139.7,11:00-23:00,Yelp 現行,"¥1,000–1,600","https://www.google.com/maps/search/?api=1&query=35.6628,139.7",2026-07-27
306,AIN SOPH.Journey 新宿三丁目店,東京,日式創作/鬆餅/漢堡/咖哩｜全素 Vegan,新宿三丁目,新宿区新宿3-8-9 新宿Qビル1F,35.69065,139.70673,平日 11:30-16:00+18:00-21:30／六日 11:30-17:00,HappyCow 4.5（426 則）,"午 ¥1,800–2,500／晚 ¥3,000–4,500","https://www.google.com/maps/search/?api=1&query=35.69065,139.70673",2026-07-27
307,NEO新宿 篤 ATSUSHI,東京,純素擔擔麵/拉麵/居酒屋｜全素 Vegan,新宿三丁目,新宿区新宿3-3-7 三慶ビル4F,35.69064,139.70608,一〜三 18:00-23:00；四〜日 12:00-16:00+18:00-(五六至翌5:00),Tabelog 3.08,"午 ¥1,200–1,600／晚 ¥3,000–3,999","https://www.google.com/maps/search/?api=1&query=35.69064,139.70608",2026-07-27
308,AFURI 阿夫利 新宿ルミネ店,東京,拉麵(蔬食友善・需指定vegan拉麵),西新宿（ルミネ1 B2F）,新宿区西新宿1-1-5 ルミネ新宿 ルミネ1 B2F,35.68921,139.6993,約 11:00-22:00,HappyCow 收錄,"vegan 拉麵約 ¥1,300","https://www.google.com/maps/search/?api=1&query=35.68921,139.6993",2026-07-27
309,一風堂 ルミネエスト新宿店(Plant Based),東京,拉麵(蔬食友善・植物基拉麵/設備共用),新宿三丁目（LUMINE EST 8F）,新宿区新宿3-38-1 ルミネエスト新宿8F,35.69125,139.70114,約 11:00-22:00,Tabelog 收錄,"¥1,000–1,400","https://www.google.com/maps/search/?api=1&query=35.69125,139.70114",2026-07-27
310,Green Italian TORCIA 新宿伊勢丹店,東京,蔬食義式(蔬食友善・指定vegan menu),新宿三丁目（伊勢丹本館7F）,新宿区新宿3-14-1 伊勢丹新宿店 本館7F,35.69139,139.70483,午 11:00-15:00／晚 17:00-22:00(依百貨),HappyCow 收錄,"午 ¥2,000 起／晚 ¥4,400 起","https://www.google.com/maps/search/?api=1&query=35.69139,139.70483",2026-07-27
311,marbre vegan 新宿御苑本店,東京,純素甜點/咖啡｜全素 Vegan,新宿二丁目／御苑前,新宿区新宿2-1-5 パークサイドスクエア1F,35.6887,139.7093,11:00-19:00(咖啡LO18:00)；週日公休(前往前查IG),HappyCow 高評（2026 榜）,蛋糕 ¥600–850＋飲品,"https://www.google.com/maps/search/?api=1&query=35.6887,139.7093",2026-07-27
312,Brown Rice by Neal’s Yard,東京,糙米有機和食定食｜全素 Vegan,表參道,渋谷区神宮前5-1-8,35.66565,139.70986,約 11:30-18:00(餐LO17:00)；不定休,Tabelog 3.47,"¥1,500–2,200","https://www.google.com/maps/search/?api=1&query=35.66565,139.70986",2026-07-27
313,Vegan Bistro じゃんがら,東京,純素豚骨風拉麵/漢堡｜全素 Vegan,原宿／明治神宮前,渋谷区神宮前1-13-21 2F,35.66972,139.70347,11:00-22:00(LO21:00)；不收預約,Tabelog 3.27,"¥1,500–2,000","https://www.google.com/maps/search/?api=1&query=35.66972,139.70347",2026-07-27
314,Vegan Veggie 嫦娥 joga,東京,純素中華/藥膳｜全素 Vegan,南青山（骨董通り）／表參道,港区南青山6-2-13 ファイン青山1F,35.6611,139.71501,約 11:00-21:00(午11:15-15:00/晚17:00-22:30)；晚建議預約,Tabelog 3.40,"午 ¥1,500–2,500／晚 ¥4,000–6,500","https://www.google.com/maps/search/?api=1&query=35.6611,139.71501",2026-07-27
315,Mr.FARMER 表参道本店,東京,蔬菜咖啡/沙拉碗/植物漢堡｜全素 Vegan,表參道,渋谷区神宮前4-5-12 セピア原宿1F,35.66812,139.71193,9:00-20:00,Tabelog 3.36,"¥1,800–2,500","https://www.google.com/maps/search/?api=1&query=35.66812,139.71193",2026-07-27
316,BROOKS GREENLIT CAFE,東京,植物系咖啡/三明治/果汁｜全素 Vegan,南青山（青山一丁目）,港区南青山1-7-12 MIDORI.so AOYAMA 1F,35.67063,139.72489,8:00-18:00,Tabelog 3.18,"¥1,200–2,000","https://www.google.com/maps/search/?api=1&query=35.67063,139.72489",2026-07-27
317,BEYOND SWEETS 表参道店,東京,無麩質純素甜點｜全素 Vegan,表參道／南青山,港区南青山3-13-9 青山パティオ1F,35.66543,139.71433,11:00-20:00(LO19:30),Tabelog 3.43,單品 ¥600–900,"https://www.google.com/maps/search/?api=1&query=35.66543,139.71433",2026-07-27
318,Alaska zwei アラスカツヴァイ,東京,北歐風蔬食咖啡/烘焙｜全素 Vegan,中目黑／池尻大橋,目黒区東山2-5-7,35.6465,139.6865,9:00-18:00(LO17:00)；不定休(先看IG),Tabelog 約 3.4,"¥1,550–1,750","https://www.google.com/maps/search/?api=1&query=35.6465,139.6865",2026-07-27
319,Ballon TOKYO バロン,東京,法拉費+純素霜淇淋｜全素 Vegan,中目黑,目黒区中目黒3-2-19 ラミアール中目黒1F,35.6456,139.7015,一二四〜日 11:30-18:30；週三 11:30-15:00,Tabelog 3.38（153 則）,"¥1,000–1,999","https://www.google.com/maps/search/?api=1&query=35.6456,139.7015",2026-07-27
320,KO-SO CAFE BIORISE,東京,酵素/有機蔬食亞洲創作｜全素 Vegan,惠比壽,渋谷区東3-25-3 ライオンズプラザ恵比寿1F,35.6495,139.714,11:00-20:00(LO19:30)；週三休,Tabelog 3.39（161 則）,"¥1,000–2,999","https://www.google.com/maps/search/?api=1&query=35.6495,139.714",2026-07-27
321,HEMP CAFE TOKYO,東京,大麻籽超級食物蔬食｜全素 Vegan,惠比壽,渋谷区東3-17-14 クリスティエビス8F,35.6485,139.7125,一三〜日 11:30-15:00+18:00-22:00；週二休,Tabelog 3.40（106 則）,"午 ¥1,000–1,999／晚 ¥3,000–3,999","https://www.google.com/maps/search/?api=1&query=35.6485,139.7125",2026-07-27
322,PARATACO パラタコ,東京,墨西哥/中南美純素塔可｜全素 Vegan,代官山,渋谷区代官山町13-6 88DAIKANYAMAビル1F,35.649,139.7025,一〜四日 10:00-20:30／五六 -22:00,Tabelog（好評多）,"塔可 ¥850 起、碗 ¥1,300","https://www.google.com/maps/search/?api=1&query=35.649,139.7025",2026-07-27
323,CLEANSING CAFE 代官山,東京,冷壓蔬果汁/raw輕食｜全素 Vegan,代官山（猿樂町）,渋谷区猿楽町9-8 #212,35.65,139.7005,10:00-17:00；不定休,Vegewel 好評,"¥1,000–2,000","https://www.google.com/maps/search/?api=1&query=35.65,139.7005",2026-07-27
324,薬膳食堂ちゃぶ膳 下北沢店,東京,藥膳/有機拉麵/咖哩｜全素 Vegan,下北澤（近新代田站，代田）,世田谷区代田6-16-20,35.66681,139.66344,週二〜日 17:00-23:00；週一休(午段先電話確認),Tabelog 3.07（27 則）,"¥1,000–1,999","https://www.google.com/maps/search/?api=1&query=35.66681,139.66344",2026-07-27
325,Universal Bakes and Cafe,東京,純素麵包烘焙咖啡｜全素 Vegan,世田谷代田（下北澤徒步圈）,世田谷区代田5-9-15,35.65887,139.66107,8:30-18:00；週一二休,Tabelog 3.50（196 則）,"¥1,000–1,999","https://www.google.com/maps/search/?api=1&query=35.65887,139.66107",2026-07-27
326,ティッチャイ Tit-Chai,東京,泰式(蔬食友善・指明vegan去魚露),下北澤（南口步行7分，代沢）,世田谷区代沢5-29-8,35.65837,139.66699,週一休(午/晚營業，可能不定休先確認),Tabelog 3.33（110 則）,"¥1,000–2,000","https://www.google.com/maps/search/?api=1&query=35.65837,139.66699",2026-07-27
327,SUNDAY VEGAN サンデーヴィーガン,東京,純素甜甜圈甜點咖啡｜全素 Vegan,吉祥寺（南口步行4分，井之頭公園旁）,武蔵野市吉祥寺南町1-15-6 1F,35.701,139.57842,8:00-17:00；無固定公休,Tabelog 3.54（219 則）,¥999 以下（單顆 ¥350–500）,"https://www.google.com/maps/search/?api=1&query=35.701,139.57842",2026-07-27
328,Organic Cafe ゆきすきのくに,東京,有機藥膳咖哩(蔬食友善・指定vegan),西荻窪（吉祥寺西一站）,杉並区西荻北3-16-3 西荻神楽ビル1F,35.7046,139.59831,"二三五六 16:00-19:30／日 12:00-16:30；一四休(午餐僅預約,營業日常變動先查IG)",Tabelog 有頁,"¥1,500–2,500","https://www.google.com/maps/search/?api=1&query=35.7046,139.59831",2026-07-27
329,AIN SOPH.Ginza 銀座,東京,日式融合｜全素 Vegan,銀座,中央区銀座4-12-1,35.67018,139.76798,11:30-20:00(午11:30-15:00/午茶-17:00/晚18:00-),HappyCow/Yelp 4★+,"午 ¥2,000–3,500／晚 ¥5,000+","https://www.google.com/maps/search/?api=1&query=35.67018,139.76798",2026-07-27
330,T’s たんたん 東京駅店,東京,純素擔擔麵專門｜全素 Vegan,東京駅・京葉街（改札內）,千代田区丸の内1-9-1 JR東京駅 京葉ストリート1F,35.67977,139.76696,約 10:00-21:30(LO21:00),TripAdvisor Choice,"¥900–1,300","https://www.google.com/maps/search/?api=1&query=35.67977,139.76696",2026-07-27
331,T’s たんたん エキュート上野店,東京,純素擔擔麵｜全素 Vegan,上野駅（改札內 ecute 3F）,台東区上野7-1-1 JR上野駅 ecute上野3F,35.71327,139.77673,約 7:00-23:00,Yelp/Tabelog 正評,"¥900–1,300","https://www.google.com/maps/search/?api=1&query=35.71327,139.77673",2026-07-27
332,Vegan Eat Tokyo 浅草,東京,日義融合純素｜全素 Vegan,淺草（近雷門/淺草寺）,台東区浅草1-22-5,35.7121,139.79407,12:00-21:00,HappyCow 高評,"¥2,000–3,500","https://www.google.com/maps/search/?api=1&query=35.7121,139.79407",2026-07-27
333,まるごとVEGAN 浅草,東京,日西式純素(含清真/無麩)｜全素 Vegan,淺草・花川戸（隅田川畔）,台東区花川戸1-3-3,35.71172,139.79889,二〜五 11:30-15:00／六日假 10:00-15:00；部分日晚餐；週一休,HappyCow/TripAdvisor 正評,"¥1,500–2,500","https://www.google.com/maps/search/?api=1&query=35.71172,139.79889",2026-07-27
334,VEGGIE SUSHI JAPAN,東京,純素壽司套餐(預約制)｜全素 Vegan,淺草橋（Little Japan 1F）,台東区浅草橋3-10-8 Little Japan,35.6979,139.7856,週一〜五 11:00-14:30(預約制),HappyCow 5★,"每人 ¥3,000 起","https://www.google.com/maps/search/?api=1&query=35.6979,139.7856",2026-07-27
335,普茶料理 梵 Fucha Bon,東京,"普茶/精進料理(植物性,預約制)｜全素精進",入谷・龍泉（上野/淺草間）,台東区龍泉1-2-11,35.72293,139.7904,午 12:00-15:00(LO13:00)／晚 18:00-21:00；週三四休；全席預約制,Tabelog 高分老店,"套餐 ¥5,000–10,000+","https://www.google.com/maps/search/?api=1&query=35.72293,139.7904",2026-07-27
336,根津の谷 Nezunoya,東京,純素和食+有機食料品｜全素 Vegan,根津（近根津站）,文京区根津1-1-14,35.71756,139.76518,一二五六 11:30-16:00(LO15:00)；三四日休；現金限定,Tabelog/TripAdvisor 正評,"午 ¥1,200–1,800","https://www.google.com/maps/search/?api=1&query=35.71756,139.76518",2026-07-27
337,VEGAN GYOZA YU 優,東京,純素餃子專門｜全素 Vegan,鶯谷・根岸（上野北）,台東区根岸3-11-17 陽光ビル1F,35.72439,139.77969,"約週三〜日 12:00-21:00(不定,以IG確認)",Google 約 4.9★,"¥1,000–1,800","https://www.google.com/maps/search/?api=1&query=35.72439,139.77969",2026-07-27
338,KOMEDA is □ 東銀座店,東京,全植物咖啡店(JVS認證)｜全素 Vegan,東銀座・築地,中央区築地1-13-1 銀座松竹スクエア1F,35.66803,139.76946,"約 7:30-23:00(季節變動,建議查官網)",連鎖新業態,"¥800–1,500","https://www.google.com/maps/search/?api=1&query=35.66803,139.76946",2026-07-27
339,2foods 銀座ロフト店,東京,植物性健康速食｜全素 Vegan,銀座一丁目,中央区銀座2-4-6 銀座ベルビア館 Loft1F,35.67415,139.7663,一〜六 11:00-21:00／日 -20:00,Vegewel 收錄,"¥1,000–2,000","https://www.google.com/maps/search/?api=1&query=35.67415,139.7663",2026-07-27
340,九州じゃんがら 銀座店,東京,拉麵(蔬食友善・需指定vegan拉麵),銀座六丁目（GINZA SIX 後方）,中央区銀座6-12-17 銀座片桐ビル1F,35.66942,139.76488,11:00-22:30(LO22:15)；部分來源標週日休,Tabelog 3.48,"¥900–1,300","https://www.google.com/maps/search/?api=1&query=35.66942,139.76488",2026-07-27
341,Eat-Alley Asakusa,東京,義式(蔬食友善・素選項),淺草,台東区浅草(詳址見 HappyCow),35.7115,139.796,待確認(請查 HappyCow/Google),HappyCow 收錄,"¥1,500–2,500","https://www.google.com/maps/search/?api=1&query=35.7115,139.796",2026-07-27
342,POSH 清澄白河,東京,生食甜點/貝果(蔬食友善・選純素品項),清澄白河,江東区常盤1-3-7 ラフィーヴィル清澄白河EAST 1F,35.68446,139.7944,10:00-18:00；不定休,媒體報導,"¥800–1,500","https://www.google.com/maps/search/?api=1&query=35.68446,139.7944",2026-07-27
343,権八 お台場 Gonpachi,東京,居酒屋/蕎麥(蔬食友善・つゆ含柴魚需避),台場（Aqua City 4F）,港区台場1-7-1 アクアシティお台場4F,35.6297,139.7735,約 11:30-23:00,Tabelog 3.12,"¥3,000–5,000","https://www.google.com/maps/search/?api=1&query=35.6297,139.7735",2026-07-27
344,CoCo壱番屋 秋葉原駅前店,東京,咖哩(蔬食友善・點素咖哩醬),秋葉原（JR站對面）,千代田区外神田(秋葉原站前),35.6987,139.7726,約 11:00-23:00,連鎖,"¥800–1,200","https://www.google.com/maps/search/?api=1&query=35.6987,139.7726",2026-07-27
345,好記園 Koukien,東京,台灣素/中華(蔬食友善・點素/Vegan菜單),橫濱・中華街,横浜市中区山下町106,35.443,139.6462,平日 11:00-15:00+17:00-21:00；六日 11:00-21:00,HappyCow 4.0（11 則）,"每人約 ¥1,500–2,500","https://www.google.com/maps/search/?api=1&query=35.443,139.6462",2026-07-27
346,橫濱中華街 北京飯店,東京,北京料理(蔬食友善・點VEGAN分類),橫濱・中華街（東門旁）,横浜市中区山下町79-5,35.4435,139.6473,11:30-21:00(LO20:00),中華街老舖,"每人約 ¥2,000–4,000","https://www.google.com/maps/search/?api=1&query=35.4435,139.6473",2026-07-27
347,RUCY+R ルーシープラスアール,東京,香料咖哩/沙拉碗｜全素 Vegan,橫濱駅（相鉄ジョイナス B1）,横浜市西区南幸1-5-1 相鉄ジョイナス B1F,35.4656,139.6204,11:00-22:00(依百貨),Tabelog 新店正評,"每人約 ¥1,200–1,800","https://www.google.com/maps/search/?api=1&query=35.4656,139.6204",2026-07-27
348,TSUNAGORO 綱五郎,東京,有機蔬食古民家咖啡｜全素 Vegan,橫濱・鶴見（尻手駅）,横浜市鶴見区尻手1-3-3,35.5168,139.6835,平日 11:00-16:00 前後；週三四休(以IG為準),HappyCow 4.5（9 則）,"每人約 ¥1,500–2,500","https://www.google.com/maps/search/?api=1&query=35.5168,139.6835",2026-07-27
349,木と季 Kitotoki,東京,玄米菜食/藥膳(預約制)｜全素 Vegan,鎌倉・長谷（大仏前）,鎌倉市長谷4-3-21-5,35.317,139.535,11:00-14:30；週日/例假日休；完全預約制,Tabelog 有列/IG 活躍,"¥3,000／人","https://www.google.com/maps/search/?api=1&query=35.317,139.535",2026-07-27
350,ちらしや 野菜壽司,東京,野菜壽司｜全素 Vegan,鎌倉・北鎌倉（禪寺之鄉）,鎌倉市山ノ内400-2,35.3367,139.548,週一二五六日 11:00-約15:00(六日8:00早粥)；三至15:00；四休,HappyCow 5.0（30 則）,"12 貫套餐 ¥2,400","https://www.google.com/maps/search/?api=1&query=35.3367,139.548",2026-07-27
351,麻心 Magokoro,東京,麻の実料理海景café(蔬食友善・店內有魚需點vegan),鎌倉・長谷（由比ヶ浜海邊2F）,鎌倉市長谷2-8-11 2F,35.3108,139.5336,11:30-22:00(LO)；週一公休(遇假順延),Retty/ぐるなび 正評,"每人約 ¥1,500–2,500","https://www.google.com/maps/search/?api=1&query=35.3108,139.5336",2026-07-27
352,歐風野菜料理 Vegetus,東京,歐風蔬食套餐(預約制)｜全素 Vegan,鎌倉・御成町（鎌倉駅西口2F）,鎌倉市御成町10-13 2F,35.3185,139.5488,午 12:00-15:00／晚 17:00-22:00(LO)；週四休；套餐制需2營業日前預約,HappyCow 5.0（21 則）,"套餐每人約 ¥4,000–6,000","https://www.google.com/maps/search/?api=1&query=35.3185,139.5488",2026-07-27
353,VEGGY STYLE ベジースタイル,東京,有機蔬食咖啡｜全素 Vegan,鎌倉・大船（大船駅步行5分）,鎌倉市大船1-18-11,35.3506,139.5288,一 11:30-15:00；三〜六 11:30-15:00+17:00-22:00；日 -21:00；週二休,Vegewel/横浜navi 收錄,"每人約 ¥1,500–2,500","https://www.google.com/maps/search/?api=1&query=35.3506,139.5288",2026-07-27
354,Wander Kitchen ワンダーキッチン,東京,多國籍家庭料理(蔬食友善・需事先要求vegan),鎌倉・御成（御成通り裏巷）,鎌倉市御成町10-15,35.3186,139.5487,"未穩定公開(以IG/電話為準,常見午-夜)；建議先電話",Tripadvisor 正評,"每人約 ¥1,200–2,000","https://www.google.com/maps/search/?api=1&query=35.3186,139.5487",2026-07-27
355,鉢の木 新館,東京,精進料理/会席(蔬食友善・需指定精進course),鎌倉・北鎌倉（浄智寺前）,鎌倉市山ノ内350,35.3364,139.5462,平日午 11:30-14:30/夜僅預約；週末午 11:00-15:00；週四休,一休/ぐるなび 高評,"套餐每人約 ¥3,300–8,000","https://www.google.com/maps/search/?api=1&query=35.3364,139.5462",2026-07-27
356,BOX BURGER 宮城野本店,東京,漢堡(蔬食友善・有vegan burger),箱根・宮城野,足柄下郡箱根町宮城野637-1,35.247,139.056,午 11:00-15:30(LO15:00)／晚 17:00-19:30；週四休,HappyCow 收錄,"每人約 ¥1,500–2,500","https://www.google.com/maps/search/?api=1&query=35.247,139.056",2026-07-27
357,森メシ 宮ノ下,東京,居酒屋/定食(蔬食友善・指定vegan無柴魚),箱根・宮ノ下（宮ノ下駅すぐ）,足柄下郡箱根町宮ノ下404-13,35.2323,139.0487,午 11:30-15:00／晚 17:00-21:30；無休,HappyCow/TripAdvisor,"每人約 ¥1,200–2,500","https://www.google.com/maps/search/?api=1&query=35.2323,139.0487",2026-07-27
358,かっ平寿し Hakone Kappei,東京,壽司(蔬食友善・點vegan標品項),箱根・二の平（彫刻の森近）,足柄下郡箱根町二ノ平,35.2455,139.0545,"一〜三・五〜日 9:00-20:00(售完早休,先電話)",HappyCow 4.0（46 則）,"每人約 ¥1,000–2,000","https://www.google.com/maps/search/?api=1&query=35.2455,139.0545",2026-07-27
359,麵屋SASUKE 時計台店(vegan拉麵),北海道,拉麵(蔬食友善・需指定vegan版),札幌・大通（時計台正下方）,札幌市中央区北1条西2-1 札幌時計ビルB1F,43.0617,141.35216,11:00-22:00；無休,Vegewel 收錄,"約 ¥700–1,000","https://www.google.com/maps/search/?api=1&query=43.0617,141.35216",2026-07-28
360,JYOTI 印度料理,北海道,印度料理(蔬食友善・有vegan咖哩),札幌・狸小路（狸小路駅77m）,札幌市中央区南3条西4-16-1 若月スクエア7F,43.05718,141.35032,11:30-20:00(時有變動)；不定休,Tabelog 3.23（21 則）,"午晚 ¥1,000–1,999","https://www.google.com/maps/search/?api=1&query=43.05718,141.35032",2026-07-28
361,Beyond Age 湯咖哩,北海道,湯咖哩(蔬食友善・有明標vegan湯底),札幌・山鼻（南19条）,札幌市中央区南19条西7丁目2-17,43.03894,141.34756,11:00-15:00／17:00-21:30；週三晚休,HappyCow 4.0（30 則）,"約 ¥1,000–1,500","https://www.google.com/maps/search/?api=1&query=43.03894,141.34756",2026-07-28
362,Salloga(旧いただき禅),北海道,純素日式養生 macrobiotic｜全素 Vegan,札幌・円山（南2条西23）,札幌市中央区南2条西23丁目1-23 スタシオ23,43.05832,141.33284,週三〜日 11:30-17:00；週一二休；晚餐僅預約,HappyCow 5.0（39 則）,"晚套餐約 ¥5,000+","https://www.google.com/maps/search/?api=1&query=43.05832,141.33284",2026-07-28
363,Veggy Way ベジウェイ,北海道,東方素咖啡(無五葷)｜全素 Vegan,札幌・円山公園（駅1號出口1分）,札幌市中央区大通西27丁目2-3 円山桂和West27 1F,43.0606,141.32916,11:30-18:00(餐LO17:00)；不定休,Vegewel 收錄（札幌標竿）,"約 ¥1,200–1,800","https://www.google.com/maps/search/?api=1&query=43.0606,141.32916",2026-07-28
364,福の樹(vegan番茄拉麵),北海道,純素番茄拉麵｜全素 Vegan,札幌・大通（西11丁目駅）,札幌市中央区南4条西10丁目1004-1 南四条ユニハウス1F,43.05604,141.3448,11:30-21:00；週一休,Vegewel/Hachidory 收錄,"約 ¥890–1,200","https://www.google.com/maps/search/?api=1&query=43.05604,141.3448",2026-07-28
365,粋Laboratory 有機居酒屋,北海道,有機居酒屋(蔬食友善・點vegan菜),札幌・大通（大通駅近）,札幌市中央区大通(詳細番地待確認),43.06,141.35,午餐時段+夜間；公休未載(建議先電洽),Vegewel 收錄,"午 ¥990–1,680／夜 ¥2,500 起","https://www.google.com/maps/search/?api=1&query=43.06,141.35",2026-07-28
366,Farm to Table TERRA,北海道,創新蔬食(蔬食友善・需指定vegan set),札幌・中島公園（駅徒步2分）,札幌市中央区南9条西2丁目2-10 ホテルマイステイズプレミア札幌パーク内,43.05034,141.35216,朝7:00-10:00／午11:30-14:00／晚18:00-22:00(LO21:00),Tabelog/一休 收錄,"午約 ¥2,000–3,000","https://www.google.com/maps/search/?api=1&query=43.05034,141.35216",2026-07-28
367,青い空、流れる雲,北海道,蔬食咖啡(蔬食友善・確認高湯),札幌・円山（裏参道）,札幌市中央区南1条西22-1-7 裏参道ルーム22 1F,43.05946,141.33376,10:30咖啡／12:00-17:00午餐+咖啡／18:00-晚餐僅預約；無休,食べログ/poroco 收錄,"約 ¥2,000 以下","https://www.google.com/maps/search/?api=1&query=43.05946,141.33376",2026-07-28
368,日本料理 まるやまかわなか,北海道,日本料理(蔬食友善・需預約指定精進無柴魚),札幌・円山公園（駅4號出口即到）,札幌市中央区南1条西25丁目2-22 パケットB1F,43.05946,141.331,午/晚(見官網)；建議預約,米其林收錄,"午 ¥1,650 起","https://www.google.com/maps/search/?api=1&query=43.05946,141.331",2026-07-28
369,からだにいいかふぇ e’cafe,北海道,純素無麩自然食咖啡｜全素 Vegan,札幌站（JR札幌駅徒步2分）,札幌市北区北7条西5-6 ストークマンション札幌208,43.0683,141.3494,12:00-18:00；週一休,Tabelog 收錄,"約 ¥1,000–1,800","https://www.google.com/maps/search/?api=1&query=43.0683,141.3494",2026-07-28
370,ラーメン高野槙 南郷店(vegan味噌),北海道,拉麵(蔬食友善・有vegan味噌版),"札幌・白石区（南郷18丁目駅,核心區外東側）",札幌市白石区栄通19丁目4-1,43.038,141.418,11:00-21:00；週三休,HappyCow 4.0（13 則）,"實惠（約 ¥1,000）","https://www.google.com/maps/search/?api=1&query=43.038,141.418",2026-07-28
371,なかや(小樽純素蕎麥),北海道,純素蕎麥麵專門｜全素 Vegan,小樽・住之江,北海道小樽市住ノ江1-4-16,43.18437,141.00356,一〜日 10:30-16:00(現金限定),HappyCow 5.0（15 則）,"約 ¥800–1,200","https://www.google.com/maps/search/?api=1&query=43.18437,141.00356",2026-07-28
372,やぶ半(小樽蕎麥老舖),北海道,蕎麥老舖(蔬食友善・點名昆布素高湯),小樽・稻穗（近運河）,北海道小樽市稲穂2-19-14,43.19655,140.99587,一三〜六 11:00-20:30(16-16:30休)；二/日不定休,HappyCow 4.0（17 則）,"¥550–1,300","https://www.google.com/maps/search/?api=1&query=43.19655,140.99587",2026-07-28
373,利尻屋みのや(小樽芋餅),北海道,街邊芋餅(蔬食友善・確認醬汁),小樽・堺町通（運河觀光主街）,北海道小樽市堺町一帶(堺町通多店舖),43.1925,141.006,約 10:00-18:00(各店略異),觀光名物,約 ¥150–300／串,"https://www.google.com/maps/search/?api=1&query=43.1925,141.006",2026-07-28
374,Taom(函館純素午餐),北海道,純素週間午餐盤(中亞/俄式)｜全素 Vegan,函館・末廣町（灣區/元町電車道）,北海道函館市末広町9-9 1F,41.76496,140.71632,週五六 11:00-16:00；週六另 18:30-21:00(僅週五六營業),HappyCow 5.0（36 則）,"¥1,200–1,800","https://www.google.com/maps/search/?api=1&query=41.76496,140.71632",2026-07-28
375,野菜バー ミルヤ(函館),北海道,純素蔬食居酒屋(需預約)｜全素 Vegan,函館・豐川町（近朝市/灣區）,北海道函館市豊川町22-5,41.76694,140.7203,午餐僅週三四 12:00-14:30；酒吧 18:00-22:00；週日/假日休,TripAdvisor/VegeMap 正評,"約 ¥2,000","https://www.google.com/maps/search/?api=1&query=41.76694,140.7203",2026-07-28
376,なぼ Navo(富良野純素),北海道,純素無國籍和洋(僅晚間)｜全素 Vegan,富良野・若葉町（近JR富良野站）,北海道富良野市若葉町10-8,43.33798,142.39138,一〜日 18:00-22:00(僅晚間),HappyCow 5.0（18 則）,中價位,"https://www.google.com/maps/search/?api=1&query=43.33798,142.39138",2026-07-28
377,Cafe ゴリヨウ(富良野農舍),北海道,蔬食咖啡古農舍(蔬食友善),"富良野・上五領（市郊,需開車）",北海道富良野市上五領,43.358,142.405,一・四〜日 11:30-18:00,HappyCow 4.5（14 則）,中價位,"https://www.google.com/maps/search/?api=1&query=43.358,142.405",2026-07-28
378,Surya 印度尼泊爾料理(富良野),北海道,印度尼泊爾(蔬食友善・確認咖哩無雞湯),富良野・本町（市區）,北海道富良野市本町6-27,43.34723,142.38636,一〜五 11:00-15:00/17:00-21:00；六日 11:00-21:00,HappyCow 4.0（3 則）,"約 ¥1,000–1,500","https://www.google.com/maps/search/?api=1&query=43.34723,142.38636",2026-07-28
379,ハーブガーデン富良野,北海道,蔬菜火鍋自助(蔬食友善・確認湯底),"富良野・西3線北（觀光農園,季節性）",北海道富良野市西3線北27号,43.36,142.42,一〜日 11:00-14:30,"HappyCow 4.0（1 則,樣本少）","約 ¥1,500","https://www.google.com/maps/search/?api=1&query=43.36,142.42",2026-07-28
380,VeganRamen めぐり(旭川純素拉麵),北海道,純素拉麵專門｜全素 Vegan,旭川・4条通（市中心繁華街）,北海道旭川市4条通7丁目586-2 つつじプラザビル1F,43.7688,142.3625,20:00-翌4:00(五六至翌5:00)；週日休,部落格/Wolt 多篇好評,"¥1,000–1,999","https://www.google.com/maps/search/?api=1&query=43.7688,142.3625",2026-07-28
381,元祖旭川ラーメン いちくら,北海道,旭川拉麵(蔬食友善・需指定vegan版),旭川・3条通（市中心）,北海道旭川市3条通7丁目,43.7678,142.362,18:00-翌4:00(深夜),HappyCow 收錄,"約 ¥900–1,300","https://www.google.com/maps/search/?api=1&query=43.7678,142.362",2026-07-28
382,Cafe Konii(旭川),北海道,植物性咖啡(蔬食友善),"旭川・忠和5条（市郊,需交通）",北海道旭川市忠和5条1-24,43.752,142.32,11:00-18:00；週二休,fooddiversity 收錄,"約 ¥1,000","https://www.google.com/maps/search/?api=1&query=43.752,142.32",2026-07-28
383,NICE Plant Based Cafe,九州,植物性咖啡/漢堡｜全素 Vegan,福岡・警固（中央區）,福岡市中央区警固3-13-35,33.5848,130.3998,週二〜日 11:30-20:00；週一休,HappyCow 5.0（47 則）,"約 ¥1,500","https://www.google.com/maps/search/?api=1&query=33.5848,130.3998",2026-07-28
384,Sonu Sonu ソヌソヌ,九州,純素漢堡/墨西哥/甜點｜全素 Vegan,福岡・天神（中央區）,福岡市中央区天神3-6-29,33.59343,130.39586,一二四五 11:00-21:00／六 8:00-22:00／日 8:00-21:00；週三休,HappyCow 4.5（78 則）,中價位,"https://www.google.com/maps/search/?api=1&query=33.59343,130.39586",2026-07-28
385,BUGORO All Vegan(純素豚骨拉麵),九州,純素博多風豚骨拉麵/擔擔麵｜全素 Vegan,"福岡・住吉（博多區,寄居Rojiura Kitchen）",福岡市博多区住吉4-27-15 Rojiura Kitchen內,33.58296,130.41119,週一二休;營業時間不定需查IG(僅3桌建議預約),HappyCow 5.0（56 則）,"約 ¥2,000–3,500","https://www.google.com/maps/search/?api=1&query=33.58296,130.41119",2026-07-28
386,Rota Cafe 福岡本店,九州,有機マクロビ蔬食｜全素 Vegan,福岡・平尾/藥院（中央區）,福岡市中央区平尾1-3-25 Ky Yakuin 1F,33.5799,130.4056,11:00-18:00(LO17:00)；週日/假日休,Tabelog/Yelp 高評,"午約 ¥1,200–1,800","https://www.google.com/maps/search/?api=1&query=33.5799,130.4056",2026-07-28
387,Evah Dining マクロビ(JR博多),九州,マクロビ玄米/蔬食便當｜全素 Vegan,福岡・JR博多站內（博多區）,福岡市博多区中央街1-1 JR博多駅いっぴん通り,33.59024,130.42122,"每日 07:00-21:00(便當外帶為主,可店內加熱+加湯)",HappyCow 5.0（108 則）,"¥500–1,200","https://www.google.com/maps/search/?api=1&query=33.59024,130.42122",2026-07-28
388,高宮飯店(全素中華),九州,全素中華(可客製vegan)｜全素,"福岡・大楠（南區,西鐵高宮站前）",福岡市南区大楠3-20-25,33.56736,130.41465,"週一〜五 17:30-22:00(週末休,建議先電洽)",HappyCow 5.0（21 則）,平價,"https://www.google.com/maps/search/?api=1&query=33.56736,130.41465",2026-07-28
389,Bear Bear ベアベア,九州,純素甜點/烘焙｜全素 Vegan,福岡・赤坂（中央區）,福岡市中央区赤坂2-3-28,33.5884,130.389,一四五 13:00-20:30／六日 11:30-20:30；週二三休,部落格收錄好評,甜點 ¥500–900,"https://www.google.com/maps/search/?api=1&query=33.5884,130.389",2026-07-28
390,北斎 Hokusai(vegan菜單居酒屋),九州,居酒屋(蔬食友善・獨立vegan菜單/湯物確認柴魚),"福岡・春吉（中央區,近中洲）",福岡市中央区春吉2-18-12,33.58572,130.40731,週一〜六 18:00-23:30(晚間居酒屋),HappyCow 4.0（24 則）,"約 ¥2,500–3,500","https://www.google.com/maps/search/?api=1&query=33.58572,130.40731",2026-07-28
391,Lotus Palace(KITTE博多),九州,越南料理(蔬食友善・確認無魚露),福岡・JR博多站（くうてん10F）,福岡市博多区博多駅中央街1-1 JR博多シティくうてん10F,33.5897,130.4206,每日 11:00-22:00,HappyCow 4.0（4 則）,中價位,"https://www.google.com/maps/search/?api=1&query=33.5897,130.4206",2026-07-28
392,106 South Indian 福岡天神店,九州,南印度(蔬食友善・Dosa set純素),"福岡・今泉（中央區,天神南）",福岡市中央区今泉1-17-14,33.5863,130.3984,午/晚(午餐時段素thali/dosa最穩),Tabelog/TripAdvisor 高評,"午約 ¥1,000–1,500","https://www.google.com/maps/search/?api=1&query=33.5863,130.3984",2026-07-28
393,Chandan Cafe チャンダン,九州,和風融合咖啡(蔬食友善・vegan標示),"福岡・藤崎（早良區,西福岡）",福岡市早良区藤崎1-1-5 The Apartment 1F,33.58077,130.34847,約 11:00-18:00；週一休,HappyCow 3.5（6 則）,"約 ¥1,000–1,500","https://www.google.com/maps/search/?api=1&query=33.58077,130.34847",2026-07-28
394,and S organic 藥院,九州,有機咖啡(蔬食友善・招牌vegan taco rice),"福岡・藥院（中央區,西鐵藥院站2分）",福岡市中央区薬院3-3-5 LAPIS薬院1F,33.5823,130.4005,一三五六日假 11:00-21:00(LO20:30)；週四休,Retty/Tabelog 好評,"午約 ¥1,200–1,800","https://www.google.com/maps/search/?api=1&query=33.5823,130.4005",2026-07-28
395,SUSHI-SHIMA すし志ま(vegan course),九州,壽司(蔬食友善・vegan course需預約),"福岡・港（中央區,近大濠公園）",福岡市中央区港2-10-3,33.59382,130.37904,午 週二〜六 12:00-14:00／晚 週一〜六 18:00-22:00；週日休;需預約,HappyCow 4.0（4 則）,course 中高價位,"https://www.google.com/maps/search/?api=1&query=33.59382,130.37904",2026-07-28
396,Siesta Cafe(由布院),九州,日式蔬食咖啡(蔬食友善),由布院・湯之坪（由布院站步行6分）,大分県由布市湯布院町川上3052-3,33.2638,131.3576,一〜五 10:00-17:30／六日 8:30-17:30,HappyCow 4.0（21 則）,"約 ¥2,700 以下","https://www.google.com/maps/search/?api=1&query=33.2638,131.3576",2026-07-28
397,地獄蒸し工房 鉄輪(別府),九州,溫泉地獄蒸體驗(蔬食友善・只取蒸蔬菜),別府・鉄輪 溫泉區,大分県別府市風呂本5組 鉄輪,33.3168,131.4633,10:00-19:00(LO18:00)；每月第3週三休,HappyCow 登錄,食材 ¥400 起+蒸釜費,"https://www.google.com/maps/search/?api=1&query=33.3168,131.4633",2026-07-28
398,Vegan no Mori(熊本),九州,大豆肉洋食(蔬食友善・vegan菜單),熊本市・江津（東區）,熊本市東区画図町重富(江津2丁目一帶),32.781,130.746,平日 11:00-19:00／週末假日 11:00-22:00;無休,Hachidory 收錄,"午 ¥1,280／晚 ¥1,280–5,000","https://www.google.com/maps/search/?api=1&query=32.781,130.746",2026-07-28
399,olmo coppia(阿蘇),九州,麩野菜料理(蔬食友善・確認高湯),阿蘇市・車帰（市郊）,熊本県阿蘇市車帰627-1,32.95,131.117,11:30開店 LO14:30;公休見官網,vegans-life 收錄,"約 ¥1,300–1,800","https://www.google.com/maps/search/?api=1&query=32.95,131.117",2026-07-28
400,蔬食つね(熊本精進料理),九州,傳統精進料理｜全素/精進,熊本市中央区,"熊本市中央区(Kumamoto Guide收錄,地址待精修)",32.802,130.708,查無(多需預約),Kumamoto Guide 收錄,需預約（套餐）,"https://www.google.com/maps/search/?api=1&query=32.802,130.708",2026-07-28
401,Indo Shokudou(熊本),九州,印度咖哩(蔬食友善・每日vegan咖哩),熊本市中央区,熊本市中央区(地址待查證),32.803,130.706,查無,Kumamoto Guide 收錄,"約 ¥1,000–1,500","https://www.google.com/maps/search/?api=1&query=32.803,130.706",2026-07-28
402,Nobister(長崎),九州,有機蔬食輕食/麵包(蔬食友善・vegan菜單豐富),長崎・大波止（江戸町）,長崎県長崎市江戸町1-3,32.743,129.869,週一〜六 11:00-14:30、19:00-21:00,HappyCow 4.0（47 則）,"約 ¥550–2,200","https://www.google.com/maps/search/?api=1&query=32.743,129.869",2026-07-28
403,Rota Cafe 長崎店,九州,有機マクロビ vegan午餐(僅週末)｜全素 Vegan,長崎市・宝町,長崎県長崎市宝町4-18,32.757,129.865,週五六日午餐(每週輪替菜單);平日休(IG為準),Tabelog/Retty 收錄,"午約 ¥1,200–1,800","https://www.google.com/maps/search/?api=1&query=32.757,129.865",2026-07-28
404,Cafe Indigo(鹿兒島唯一純素),九州,有機vegan定食｜全素 Vegan,鹿兒島市・名山町（天文館/港區）,鹿児島県鹿児島市名山町8-8,31.596,130.562,12:00-18:00(五六有時到21:00)；週一三四休,HappyCow 4.5（14 則）,"定食 ¥1,400–1,800","https://www.google.com/maps/search/?api=1&query=31.596,130.562",2026-07-28
405,Banvina 咖啡旅舍(鹿兒島),九州,咖啡旅舍(蔬食友善・vegan咖哩),鹿兒島市・中央町（中央站步行5分）,鹿児島県鹿児島市中央町21-30,31.585,130.541,一二三五六日 11:00-20:00；週四/假日休,HappyCow 4.0（3 則）,"咖哩 ¥1,500","https://www.google.com/maps/search/?api=1&query=31.585,130.541",2026-07-28
406,Cafe Shirahama(櫻島),九州,櫻島有機蔬食一盤餐(蔬食友善・小菜需確認柴魚),鹿兒島・櫻島・白濱町（渡輪對岸）,鹿児島県鹿児島市桜島白浜町1267,31.599,130.647,週四〜日 10:00-17:00；週一〜三休;現金,HappyCow 5.0（5 則）,"一盤餐約 ¥1,200–1,500","https://www.google.com/maps/search/?api=1&query=31.599,130.647",2026-07-28
407,Morning to Night(小倉果汁吧),九州,純素果汁吧/巴西莓碗｜全素 Vegan,北九州・小倉北区・京町（JR小倉站附近）,福岡県北九州市小倉北区京町1-6-25,33.887,130.881,一〜五 9:00-16:00／六日 10:00-16:00,HappyCow 5.0（3 則）,"約 ¥800–1,200","https://www.google.com/maps/search/?api=1&query=33.887,130.881",2026-07-28
408,Vee Sweets KOKURA(小倉),九州,植物性甜點｜全素 Vegan,北九州・小倉（JR小倉站步行5分）,福岡県北九州市小倉北区(TORIKAI CAFE經營),33.886,130.882,營業至23:00(深夜可),新店,甜點類,"https://www.google.com/maps/search/?api=1&query=33.886,130.882",2026-07-28
409,CAFE 太宰府草の家,九州,在地蔬菜×捷克料理咖啡(蔬食友善・需確認),太宰府・国分（天満宮周邊）,福岡県太宰府市国分3丁目21-29,33.519,130.516,11:00-17:00(預約優先)；僅週三〜六營業,素食性質待確認,需預約,"https://www.google.com/maps/search/?api=1&query=33.519,130.516",2026-07-28
410,TORAYA VEGETIGER(純素亞洲創作),中部,亞洲創作(咖哩/泰式/墨西哥)｜全素 Vegan,名古屋・新栄（中区）,名古屋市中区新栄3-14-23,35.16687,136.92381,一四〜日 12:00-15:00、17:00-21:00(五六晚至22:00)；週二三休,HappyCow 5.0（45 則）,"午約 ¥1,000–1,500","https://www.google.com/maps/search/?api=1&query=35.16687,136.92381",2026-07-28
411,Grains(純素和食マクロビ),中部,和食・マクロビ・有機｜全素 Vegan,名古屋・名駅（西区）,名古屋市西区名駅2-24-14,35.17686,136.88225,三〜五 11:00-15:00、17:00-21:00；每月第2・4週六;週日〜二休;晚餐需預約,HappyCow 5.0（74 則）,"午約 ¥1,500–2,000／晚套餐 ¥3,300","https://www.google.com/maps/search/?api=1&query=35.17686,136.88225",2026-07-28
412,「こ」VEGAN CAFE,中部,純素咖啡・甜點｜全素 Vegan,"名古屋・栄（中区,近大須観音）",名古屋市中区栄1-31-30 パルナス栄,35.16303,136.89265,10:00-17:00；週二三休,官方直營,"約 ¥600–1,500","https://www.google.com/maps/search/?api=1&query=35.16303,136.89265",2026-07-28
413,vegefirst(蔬菜便當),中部,蔬菜便當・自然食｜全素 Vegan,"名古屋・丸の内（中区,近名古屋城）",名古屋市中区丸の内3-1-34 堤ビル2F,35.17701,136.90156,平日約 11:00-16:00；週六日/假日休,Tabelog 3.02,"約 ¥999–1,200","https://www.google.com/maps/search/?api=1&query=35.17701,136.90156",2026-07-28
414,pupu kitchen(玄米菜食),中部,自然食・玄米菜食マクロビ｜全素 Vegan,"名古屋・浅間町（西区,近名古屋城）",名古屋市西区城西2-15-13,35.18616,136.89354,二〜六 10:00-15:30(午餐11:30-14:00)；週日一休,Tabelog 3.21（42 則）,"午 ¥1,000–1,999","https://www.google.com/maps/search/?api=1&query=35.18616,136.89354",2026-07-28
415,VEGI KITCHEN GUGU(無麩質),中部,咖哩/和食/烘焙(全品無麩質)｜全素 Vegan,"名古屋・本山（千種区,近覚王山）",名古屋市千種区猫洞通3-11 メゾン猫洞1F,35.16774,136.96843,日〜四 11:00-22:00、五六 -23:00(午餐11:00-14:30)；週四休,Vegewel/Retty 登錄,"約 ¥1,000–1,800","https://www.google.com/maps/search/?api=1&query=35.16774,136.96843",2026-07-28
416,旬菜カフェ おてあて(マクロビ),中部,マクロビオティック｜全素 Vegan,"名古屋・東山公園（千種区,近覚王山）",名古屋市千種区新池町4-95,35.16079,136.97623,"午餐約 11:00-14:30,之後甜點飲品；週一休(出發前務必再確認)",Tabelog 3.12（25 則）,"¥1,000–2,999","https://www.google.com/maps/search/?api=1&query=35.16079,136.97623",2026-07-28
417,草宗庵 Sojuan(湯葉豆腐割烹),中部,湯葉・豆腐割烹(蔬食友善・確認柴魚高湯),"名古屋・栄1丁目（中区,近伏見/大須）",名古屋市中区栄1-4-9,35.16789,136.89602,一〜六 11:30-14:30、17:30-23:00；週日休,HappyCow 4.0（16 則）,"約 ¥1,000–3,000","https://www.google.com/maps/search/?api=1&query=35.16789,136.89602",2026-07-28
418,彩膳中華 杏ZU(薬膳中華),中部,薬膳中華(蔬食友善・有vegan菜單),"名古屋・丸の内（中区,近伏見）",名古屋市中区丸の内1-11-28 田中屋ビル101,35.17392,136.89365,午 11:30-14:00、晚 17:30-21:00(公休電話確認),Tabelog 3.20,"午約 ¥1,000–1,500","https://www.google.com/maps/search/?api=1&query=35.17392,136.89365",2026-07-28
419,味噌煮込うどん 山本屋 大久手店,中部,名古屋名物味噌煮込うどん(蔬食友善・需預約素高湯),"名古屋・大久手（千種区,近今池）",名古屋市千種区大久手町5-9-2,35.16149,136.93642,11:00-21:00(LO20:00)；週一休(遇假營業翌休),Tabelog 3.56,"約 ¥1,200–2,000","https://www.google.com/maps/search/?api=1&query=35.16149,136.93642",2026-07-28
420,Bio Terrace(CBD & VEGAN),中部,蔬菜午餐/咖哩(蔬食友善・彈性純素),名古屋・丸の内（中区）,名古屋市中区丸の内3-15-5 RS丸の内3丁目ビル3F,35.17521,136.90329,以午餐為主(詳細時段/公休電話確認),Tabelog 3.22,"約 ¥1,000–2,000","https://www.google.com/maps/search/?api=1&query=35.17521,136.90329",2026-07-28
421,Live & Lounge Vio(夜間マクロビ),中部,マクロビ自然食×Live(蔬食友善・夜間),"名古屋・新栄（中区,近栄）",名古屋市中区新栄2-1-9 flexビルB2,35.16939,136.9205,平日日 18:00-翌2:00、五六 20:00-翌5:00(活動時變動)；週一二休,—,"約 ¥1,000–2,000","https://www.google.com/maps/search/?api=1&query=35.16939,136.9205",2026-07-28
422,健康食工房たかの(金澤精進),中部,自然食・精進 macrobiotic｜全素,金澤・三口新町（近東茶屋街東）,金沢市三口新町3-8,36.575,136.67,11:00-22:00(LO20:00)；週日休,Tabelog/HappyCow 4.0,"約 ¥1,500–2,500","https://www.google.com/maps/search/?api=1&query=36.575,136.67",2026-07-28
423,Los Angeles in 金澤(全素洋食),中部,洋食(排餐/漢堡)｜全素 Vegan,金澤・大手町（金沢城北大手門旁）,金沢市大手町2-25-101,36.572,136.659,10:00-18:00；不定休,Tabelog 3.5,"午約 ¥1,680","https://www.google.com/maps/search/?api=1&query=36.572,136.659",2026-07-28
424,Ihanoha イハノハ,中部,蔬食咖啡｜全素 Vegan,金澤・新竪町（片町南）,金沢市新竪町3-98,36.559,136.661,平日10:30-16:30／假日11:00-17:30；週三休,Google 3.4,"約 ¥1,000–1,500","https://www.google.com/maps/search/?api=1&query=36.559,136.661",2026-07-28
425,Taste & Scent,中部,Zembu蔬食套餐(蔬食友善),金澤・寺町（寺廟區）,金沢市寺町5-5-75,36.553,136.648,11:00-16:00；週日一休,Google 3.5,"約 ¥1,500","https://www.google.com/maps/search/?api=1&query=36.553,136.648",2026-07-28
426,Slow Luck -vegetable bal-,中部,加賀野菜創作bal(蔬食友善・確認高湯),"金澤・尾山町（尾山神社旁,近香林坊）",金沢市尾山町13-23,36.568,136.653,18:00-22:30(LO22:00)；週日一休,Tabelog 3.4,"晚餐約 ¥3,000","https://www.google.com/maps/search/?api=1&query=36.568,136.653",2026-07-28
427,Curio Espresso & Vintage Design,中部,咖啡輕食(蔬食友善),金澤・安江町（近江町市場旁）,金沢市安江町1-13,36.572,136.655,8:00-17:00(假日9:00起)；週二休,Google 4.2,"約 ¥1,000–1,500","https://www.google.com/maps/search/?api=1&query=36.572,136.655",2026-07-28
428,Aashirwad アシルワード,中部,印度尼泊爾(蔬食友善・素咖哩確認高湯),金澤・長町（武家屋敷區）,金沢市長町1-4-59,36.566,136.65,11:30-14:30／18:00-21:30；週一休,Google 4.3,"午約 ¥1,000","https://www.google.com/maps/search/?api=1&query=36.566,136.65",2026-07-28
429,HUNI Restaurant,中部,現代小居酒屋(蔬食友善・指定去柴魚),金澤・主計町（近東茶屋街）,金沢市主計町附近,36.572,136.664,"晚間為主,需查當日",HappyCow 高分,"約 ¥3,000","https://www.google.com/maps/search/?api=1&query=36.572,136.664",2026-07-28
430,角正 かくしょう(高山精進懷石),中部,精進懷石(需預約)｜全素/精進,高山・馬場町（三町旁）,岐阜県高山市馬場町2-98,36.143,137.259,11:30-15:00・17:30-21:00(LO13:30/19:30);需前一天預約,HappyCow 4.5,"¥10,000–17,000+","https://www.google.com/maps/search/?api=1&query=36.143,137.259",2026-07-28
431,平安楽 へいあんらく,中部,中華/和食(蔬食友善・點vegan標),高山・天満町（国分寺通）,岐阜県高山市天満町6-7-2,36.143,137.253,至LO20:00；週二休;僅12席官網預約,HappyCow 4.0（127 則）,"套餐約 ¥3,500","https://www.google.com/maps/search/?api=1&query=36.143,137.253",2026-07-28
432,Tomy Muesli トミーミューズリー,中部,瑞士自然食咖啡(蔬食友善),高山・本町（古街近）,岐阜県高山市本町4-60,36.14,137.252,10:00-20:00；週二休,HappyCow 4.0（39 則）,"咖哩套餐約 ¥1,400","https://www.google.com/maps/search/?api=1&query=36.14,137.252",2026-07-28
433,Cafe Mont L’Eau カフェモンロー,中部,國際有機(蔬食友善・每日vegan set),"高山・西之一色町（飛驒之里對面,市郊西）",岐阜県高山市西之一色町3丁目813,36.135,137.235,週三〜六 12:00-16:00；週日〜二休,HappyCow 3/4,"約 ¥1,500","https://www.google.com/maps/search/?api=1&query=36.135,137.235",2026-07-28
434,お食事処 いろり(白川鄉合掌村),中部,合掌村鄉土料理(蔬食友善・指定vegetarian菜單避柴魚),白川鄉・荻町（合掌村內）,岐阜県大野郡白川村荻町374-1,36.258,136.906,10:00-14:00；不定休(建議先電話),村內名店,"定食約 ¥1,500","https://www.google.com/maps/search/?api=1&query=36.258,136.906",2026-07-28
435,AND LIFE cafe(富山),中部,有機咖啡(蔬食友善・點純素漢堡排),富山・二口町,富山県富山市二口町,36.686,137.226,10:30-19:00；不定休,食べログ 好評,"約 ¥1,200–1,800","https://www.google.com/maps/search/?api=1&query=36.686,137.226",2026-07-28
436,豆こ食堂とおやつ やむなし(富山),中部,無添加無麩質咖啡食堂｜全素 Vegan,富山・大泉町,富山県富山市大泉町1丁目7-14 1F,36.677,137.207,10:30-16:00・17:30-20:00(三日至16:00)；週一二休,官網收錄,"約 ¥1,300","https://www.google.com/maps/search/?api=1&query=36.677,137.207",2026-07-28
437,Why__? 松本,中部,純素咖啡(東京品牌2號店)｜全素 Vegan,"松本・深志（松本駅前,近中町）",長野県松本市深志1-3-11 コングロM 1F,36.229,137.965,10:00-19:00(LO18:30)；僅1/1休,web-komachi 報導,"約 ¥1,300","https://www.google.com/maps/search/?api=1&query=36.229,137.965",2026-07-28
438,梅玄 うめげん(松本玄米菜食),中部,玄米自然食マクロビ｜全素 Vegan,松本・三溝（上高地線沿線）,長野県松本市三溝(上高地線),36.222,137.905,11:30-16:00；多日公休(去前先確認),Vegewel 收錄,"約 ¥1,500","https://www.google.com/maps/search/?api=1&query=36.222,137.905",2026-07-28
439,JoGeSaYu 上下左右(vegan廣島燒),廣島,vegan壽司/廣島燒/天丼(菜道主廚監修)｜全素 Vegan,廣島・大手町,広島市中区大手町2-7-1 1F,34.388,132.4555,11:30-15:00・17:00-22:00;不定休,評高(fooddiversity),"午晚 ¥1,500–2,500","https://www.google.com/maps/search/?api=1&query=34.388,132.4555",2026-07-29
440,お好み焼 長田屋 NAGATA-YA,廣島,廣島燒(蔬食友善・點vegan版避魚粉),廣島・平和公園（原爆ドーム旁）,広島市中区大手町1-7-19,34.3953,132.4537,午11:00-售完(建議先電洽),Tabelog 3.5+,"約 ¥1,000–1,500","https://www.google.com/maps/search/?api=1&query=34.3953,132.4537",2026-07-29
441,お好み村 祿 Roku,廣島,廣島燒(蔬食友善・需去魚粉/柴魚),廣島・新天地（お好み村4F）,広島市中区新天地5-13 お好み村4F,34.3924,132.4602,11:30-14:30・17:30-23:00;不定休,店主通英語,"約 ¥1,000–1,500","https://www.google.com/maps/search/?api=1&query=34.3924,132.4602",2026-07-29
442,割烹旅館 山一別館(宮島vegan會席),廣島,和食(蔬食友善・vegan會席需預約),宮島（渡輪碼頭正前方）,廿日市市宮島町1162-4,34.2985,132.3208,平日11:00-14:00・17:00-21:00／週日祝11:00-15:00・17:00-20:30,旅館直營,會席(需預約),"https://www.google.com/maps/search/?api=1&query=34.2985,132.3208",2026-07-29
443,Plant-Based Cafe PEACH(岡山),廣島,植物性洋食(預約制)｜全素 Vegan,岡山・表町,岡山市北区表町3-20-7 K&K表町ビル1F,34.6588,133.9295,11:30-24:00,評好,"約 ¥1,500–2,500","https://www.google.com/maps/search/?api=1&query=34.6588,133.9295",2026-07-29
444,CBD green(岡山),廣島,大豆肉vegan餐｜全素 Vegan,岡山・本町（岡山站徒步4分）,岡山市北区本町2-4,34.664,133.9195,"約11:30-20:00(公休依店家,建議先電洽)",Vegewel 收錄,"約 ¥1,500","https://www.google.com/maps/search/?api=1&query=34.664,133.9195",2026-07-29
445,Café NATURE カフェナチュール(倉敷),廣島,古民家有機咖啡(蔬食友善),倉敷・美觀地區,倉敷市阿知2-25-43,34.5962,133.772,7:30-17:30,okayamastyle 收錄,"約 ¥1,000–1,500","https://www.google.com/maps/search/?api=1&query=34.5962,133.772",2026-07-29
446,然味 SAMI(倉敷),廣島,創新融合(蔬食友善・可全素客製確認柴魚),倉敷・美觀地區（倉敷物語館旁）,倉敷市本町2-15,34.5975,133.7748,三〜五12:00-15:00・18:00-21:00／六日祝加8:00-10:30;週一二休,官網,套餐(建議預約),"https://www.google.com/maps/search/?api=1&query=34.5975,133.7748",2026-07-29
447,Natural-style Cafe(倉敷),廣島,自然食咖啡(蔬食友善),倉敷・美觀（阿知2）,倉敷市阿知2-23-18,34.5968,133.7723,11:30-16:00;週一休,—,"約 ¥1,000–1,500","https://www.google.com/maps/search/?api=1&query=34.5968,133.7723",2026-07-29
448,グランヴィア広島 瀬戸内(vegan會席),廣島,和食會席(蔬食友善・vegan會席預約),廣島站直結,広島市南区松原町1-5,34.3975,132.4755,午晚(依飯店),飯店直營,會席(需預約),"https://www.google.com/maps/search/?api=1&query=34.3975,132.4755",2026-07-29
449,Vegeto・LIKO ベジトリコ(仙台),東北,植物性餐廳/便當(蔬食友善・確認蛋奶),仙台・一番町,宮城県仙台市青葉区一番町2-6-16 シントウビル2F別館,38.263,140.874,火〜木9:30-17:00・金土-22:00・日-16:00；週一休,IG @vegeto.liko,"約 ¥1,000–1,500","https://www.google.com/maps/search/?api=1&query=38.263,140.874",2026-07-29
450,おひさまや(仙台自然食堂),東北,自然食堂マクロビ(蔬食友善・確認柴魚),仙台・青葉区中央,宮城県仙台市青葉区中央4-8-17,38.257,140.877,平日11:00-18:00・土-17:00；日月休,官網,"約 ¥1,380","https://www.google.com/maps/search/?api=1&query=38.257,140.877",2026-07-29
451,VEGETARIAN CAFE LOONEY(盛岡),東北,咖啡食堂(全植物/無麩質)｜全素 Vegan,盛岡・津志田南,岩手県盛岡市津志田南2-6-15,39.667,141.152,11:00-17:00(LO16:30);全年無休,Hachidory 良,"約 ¥1,080","https://www.google.com/maps/search/?api=1&query=39.667,141.152",2026-07-29
452,one.natural ワンナチュラル(弘前),東北,糀・自然食(蔬食友善・vegan需預約),青森・弘前,青森県弘前市春日町36-12 プレシャスガーデンD,40.61468,140.46615,11:00-售完為止；日祝不定休,官網,"約 ¥1,200–1,800","https://www.google.com/maps/search/?api=1&query=40.61468,140.46615",2026-07-29
453,ao time + アオタイム(弘前純素),東北,自然農法純素料理｜全素 Vegan,青森・弘前（豊原）,青森県弘前市豊原2丁目,40.615,140.485,11:00-16:00,資料少,"約 ¥1,200–1,800","https://www.google.com/maps/search/?api=1&query=40.615,140.485",2026-07-29
454,ニコル食堂(山形),東北,無添加惣菜食堂(蔬食友善・確認魚だし),山形・山形市（江俣）,山形県山形市江俣4-3-13,38.283,140.339,平日11:00-18:00・土-15:00；日休,官網,"約 ¥1,000–1,500","https://www.google.com/maps/search/?api=1&query=38.283,140.339",2026-07-29
455,月と星 つきとほし(上山溫泉),東北,高台景觀咖啡(蔬食友善・大豆肉),山形・上山葉山溫泉（名月荘旁）,山形県上山市葉山溫泉街,38.156,140.246,營業時間見官網；不定休,官網,"約 ¥1,500","https://www.google.com/maps/search/?api=1&query=38.156,140.246",2026-07-29
456,おやさい食堂 shima(高松),四國,在地蔬菜食堂(蔬食友善・確認高湯),高松・市區（瓦町/田町）,香川県高松市田町1-11 TEN to SEN ゲストハウス2F,34.34,134.05,16:00-21:00；火水+不定休(以IG為準),在地媒體報導,"¥1,000–2,000","https://www.google.com/maps/search/?api=1&query=34.34,134.05",2026-07-29
457,精進カフェ 宙 sora(高松),四國,"精進料理(需預約,無五葷)｜全素/精進",高松・市區,香川県高松市(詳細地址需去電確認),34.34,134.04,需預約制(不定),my-kagawa 官方介紹,"約 ¥1,500","https://www.google.com/maps/search/?api=1&query=34.34,134.04",2026-07-29
458,こかげ(高松屋島),四國,純素午餐+足部按摩｜全素 Vegan,高松・屋島山麓,香川県高松市屋島地區,34.35,134.1,午餐時段(需查/預約),官網,"約 ¥1,500","https://www.google.com/maps/search/?api=1&query=34.35,134.1",2026-07-29
459,カフェ・いっぽ(直島),四國,直島蔬菜盤午餐(蔬食友善・需預約告知),直島（本村）,香川県香川郡直島町本村696-3,34.46,133.99,火8:00-16:00/17:00-19:00・水〜日8:00-16:00；月+不定休,naoshima.net,"¥1,300","https://www.google.com/maps/search/?api=1&query=34.46,133.99",2026-07-29
460,タネむすび堂(小豆島),四國,自然栽培穀物菜食｜全素 Vegan,小豆島（池田）,香川県小豆郡小豆島町池田1088-5,34.48111,134.23275,12:00-16:00；不定休(IG更新),Vegewel 收錄,"約 ¥1,500","https://www.google.com/maps/search/?api=1&query=34.48111,134.23275",2026-07-29
461,LJ エルジェイ(德島),四國,有機藥膳(無麩質)｜全素 Vegan,德島・市區（川内町）,徳島県徳島市川内町平石古田36-1-2,34.1,134.58,11:30-20:00(LO19:30)；月木日休,官網,"¥1,200–2,000","https://www.google.com/maps/search/?api=1&query=34.1,134.58",2026-07-29
462,レストラン ボルベール Volver(高知),四國,義式/藥膳(蔬食友善・指定vegan菜單),高知・市區（南御座）,高知県高知市南御座16-23,33.56,133.57,午11:30-15:00(LO14:15)・晚18:00-21:00(LO20:15)；水+不定休,hotpepper 收錄,"午 ¥1,500 起","https://www.google.com/maps/search/?api=1&query=33.56,133.57",2026-07-29
